model,model_label,stage,side,metric,test,immrep,immrep_minus_test,rel_change,immrep_minus_test_ci_low,immrep_minus_test_ci_high
onehot_vicreg,One-hot + VICReg,input,tcr,covariance_trace,0.002330581240480663,0.002397732292566164,6.715105208550095e-05,0.028813006351862507,,
onehot_vicreg,One-hot + VICReg,input,tcr,median_pairwise_cosine,0.036226087044103183,0.03532562188519404,-0.0009004651589091459,-0.024856815416273947,,
onehot_vicreg,One-hot + VICReg,input,peptide,covariance_trace,0.0,0.0,0.0,0.0,,
onehot_vicreg,One-hot + VICReg,input,peptide,median_pairwise_cosine,-1.0641115251998305e-17,1.1102230246251566e-17,2.174334549824987e-17,2.174334549824987e-05,,
onehot_vicreg,One-hot + VICReg,input,hla,covariance_trace,6.135663582533549e-07,0.0,-6.135663582533549e-07,-1.0,,
onehot_vicreg,One-hot + VICReg,input,hla,median_pairwise_cosine,4.322347865413348e-06,5.551115123125783e-17,-4.322347865357837e-06,-0.9999999999871572,,
onehot_vicreg,One-hot + VICReg,input,pmhc,covariance_trace,6.135663582533549e-07,0.0,-6.135663582533549e-07,-1.0,,
onehot_vicreg,One-hot + VICReg,input,pmhc,median_pairwise_cosine,2.2957395018180804e-06,-1.0547118733938987e-16,-2.2957395019235517e-06,-1.0000000000459421,,
onehot_vicreg,One-hot + VICReg,input,tcr,cliffs_delta_pn_vs_pp,0.18250028454503534,0.12198441316118284,-0.06051587138385249,,-0.18676020364685883,0.06826289047489899
onehot_vicreg,One-hot + VICReg,pre_expander,tcr,covariance_trace,43.24198088111838,39.43190700754672,-3.8100738735716604,-0.08811053045988765,,
onehot_vicreg,One-hot + VICReg,pre_expander,tcr,median_pairwise_cosine,0.700614502495892,0.7053617751056083,0.004747272609716302,0.006775869744066763,,
onehot_vicreg,One-hot + VICReg,pre_expander,peptide,covariance_trace,1.482052580077713e-15,3.579777046311791e-16,-1.124074875446534e-15,-0.001124074875446534,,
onehot_vicreg,One-hot + VICReg,pre_expander,peptide,median_pairwise_cosine,6.200223153497679e-17,-2.442490654175344e-17,-8.642713807673023e-17,-8.642713807673023e-05,,
onehot_vicreg,One-hot + VICReg,pre_expander,hla,covariance_trace,0.0579744869279473,6.229883830754511e-16,-0.057974486927946677,-0.9999999999999892,,
onehot_vicreg,One-hot + VICReg,pre_expander,hla,median_pairwise_cosine,0.0006164634241164906,-6.661338147750939e-17,-0.0006164634241165571,-1.000000000000108,,
onehot_vicreg,One-hot + VICReg,pre_expander,pmhc,covariance_trace,0.0579744869279488,9.809660877066304e-16,-0.05797448692794782,-0.9999999999999831,,
onehot_vicreg,One-hot + VICReg,pre_expander,pmhc,median_pairwise_cosine,0.0006017995183382272,-6.6613381477509405e-18,-0.0006017995183382339,-1.0000000000000109,,
onehot_vicreg,One-hot + VICReg,pre_expander,tcr,cliffs_delta_pn_vs_pp,0.25689949085275615,0.1092477201166181,-0.14765177073613805,,-0.26133917768290765,-0.03944159543190193
onehot_vicreg,One-hot + VICReg,final_latent,tcr,covariance_trace,49.946221833339735,52.60436744638222,2.6581456130424854,0.0532201539069796,,
onehot_vicreg,One-hot + VICReg,final_latent,tcr,median_pairwise_cosine,0.6855507420499088,0.6900288757244265,0.004478133674517659,0.006532169538796365,,
onehot_vicreg,One-hot + VICReg,final_latent,peptide,covariance_trace,2.7040509747144624e-15,7.489957603943783e-16,-1.955055214320084e-15,-0.001955055214320084,,
onehot_vicreg,One-hot + VICReg,final_latent,peptide,median_pairwise_cosine,4.334480945980642e-17,-2.6645352591003762e-17,-6.999016205081018e-17,-6.999016205081017e-05,,
onehot_vicreg,One-hot + VICReg,final_latent,hla,covariance_trace,0.03061370893678526,4.625542188961759e-16,-0.0306137089367848,-0.9999999999999849,,
onehot_vicreg,One-hot + VICReg,final_latent,hla,median_pairwise_cosine,0.0016672701366245487,-1.332267629550188e-16,-0.0016672701366246818,-1.00000000000008,,
onehot_vicreg,One-hot + VICReg,final_latent,pmhc,covariance_trace,0.03061370893678797,1.2115499792905543e-15,-0.03061370893678676,-0.9999999999999605,,
onehot_vicreg,One-hot + VICReg,final_latent,pmhc,median_pairwise_cosine,0.00044298512394966207,-2.2204460492503132e-17,-0.0004429851239496843,-1.0000000000000502,,
onehot_vicreg,One-hot + VICReg,final_latent,tcr,cliffs_delta_pn_vs_pp,0.25329724553142735,0.10775980674718869,-0.14553743878423867,,-0.2545209240846861,-0.032515072880960415
raw_esmc_vicreg,Raw ESMC + VICReg,input,tcr,covariance_trace,0.01776073846800817,0.019382948156393447,0.0016222096883852788,0.09133683778449367,,
raw_esmc_vicreg,Raw ESMC + VICReg,input,tcr,median_pairwise_cosine,0.03143592970166909,0.0326553728926264,0.0012194431909573061,0.038791383061674165,,
raw_esmc_vicreg,Raw ESMC + VICReg,input,peptide,covariance_trace,9.495870826522728e-10,0.0,-9.495870826522728e-10,-1.0,,
raw_esmc_vicreg,Raw ESMC + VICReg,input,peptide,median_pairwise_cosine,1.3833449827597797e-17,4.4408920985006264e-17,3.0575471157408466e-17,3.057547115740847e-05,,
raw_esmc_vicreg,Raw ESMC + VICReg,input,hla,covariance_trace,4.609009013354013e-06,0.0,-4.609009013354013e-06,-1.0,,
raw_esmc_vicreg,Raw ESMC + VICReg,input,hla,median_pairwise_cosine,7.605403177069492e-06,-1.1102230246251565e-16,-7.605403177180515e-06,-1.0000000000145979,,
raw_esmc_vicreg,Raw ESMC + VICReg,input,pmhc,covariance_trace,4.609958600436665e-06,0.0,-4.609958600436665e-06,-1.0,,
raw_esmc_vicreg,Raw ESMC + VICReg,input,pmhc,median_pairwise_cosine,1.6852367442195874e-06,5.551115123125783e-18,-1.6852367442140364e-06,-0.9999999999967061,,
raw_esmc_vicreg,Raw ESMC + VICReg,input,tcr,cliffs_delta_pn_vs_pp,0.163097248903668,0.1228616476468138,-0.0402356012568542,,-0.15545774859846836,0.07352367079290538
raw_esmc_vicreg,Raw ESMC + VICReg,pre_expander,tcr,covariance_trace,3.01676454465654,2.2162742946016647,-0.8004902500548754,-0.26534727460674645,,
raw_esmc_vicreg,Raw ESMC + VICReg,pre_expander,tcr,median_pairwise_cosine,0.8630560544099376,0.4714041602191316,-0.391651894190806,-0.45379658967640785,,
raw_esmc_vicreg,Raw ESMC + VICReg,pre_expander,peptide,covariance_trace,5.278891492148818e-09,0.0,-5.278891492148818e-09,-1.0,,
raw_esmc_vicreg,Raw ESMC + VICReg,pre_expander,peptide,median_pairwise_cosine,-2.958230040055529e-17,-1.221245327087672e-17,1.736984712967857e-17,1.736984712967857e-05,,
raw_esmc_vicreg,Raw ESMC + VICReg,pre_expander,hla,covariance_trace,0.015222032129581778,0.0,-0.015222032129581778,-1.0,,
raw_esmc_vicreg,Raw ESMC + VICReg,pre_expander,hla,median_pairwise_cosine,8.94579563105612e-05,-4.440892098500625e-17,-8.945795631060561e-05,-1.0000000000004965,,
raw_esmc_vicreg,Raw ESMC + VICReg,pre_expander,pmhc,covariance_trace,0.015222037408473268,0.0,-0.015222037408473268,-1.0,,
raw_esmc_vicreg,Raw ESMC + VICReg,pre_expander,pmhc,median_pairwise_cosine,0.0033256275291046375,-2.3314683517128283e-17,-0.003325627529104661,-1.000000000000007,,
raw_esmc_vicreg,Raw ESMC + VICReg,pre_expander,tcr,cliffs_delta_pn_vs_pp,0.4097969565765021,0.11401947855060393,-0.29577747802589816,,-0.40467372206155056,-0.178091031766002
raw_esmc_vicreg,Raw ESMC + VICReg,final_latent,tcr,covariance_trace,29.88531641851327,13.698149748548445,-16.187166669964824,-0.5416428068982145,,
raw_esmc_vicreg,Raw ESMC + VICReg,final_latent,tcr,median_pairwise_cosine,0.8926370111333616,0.2970682458372488,-0.5955687652961128,-0.6672015140173633,,
raw_esmc_vicreg,Raw ESMC + VICReg,final_latent,peptide,covariance_trace,1.9329547887223482e-08,0.0,-1.9329547887223482e-08,-1.0,,
raw_esmc_vicreg,Raw ESMC + VICReg,final_latent,peptide,median_pairwise_cosine,-2.7170314276769005e-17,-1.2212453270876724e-17,1.495786100589228e-17,1.4957861005892281e-05,,
raw_esmc_vicreg,Raw ESMC + VICReg,final_latent,hla,covariance_trace,0.026244569942902883,0.0,-0.026244569942902883,-1.0,,
raw_esmc_vicreg,Raw ESMC + VICReg,final_latent,hla,median_pairwise_cosine,0.002253992663450413,-9.992007221626407e-17,-0.0022539926634505126,-1.0000000000000442,,
raw_esmc_vicreg,Raw ESMC + VICReg,final_latent,pmhc,covariance_trace,0.026244589272450766,0.0,-0.026244589272450766,-1.0,,
raw_esmc_vicreg,Raw ESMC + VICReg,final_latent,pmhc,median_pairwise_cosine,0.001216123715506321,-1.3322676295501875e-17,-0.0012161237155063342,-1.0000000000000109,,
raw_esmc_vicreg,Raw ESMC + VICReg,final_latent,tcr,cliffs_delta_pn_vs_pp,0.3542605695515947,0.07196402832153269,-0.282296541230062,,-0.39147298624983656,-0.1709267851885078
lora_esmc_vicreg,LoRA ESMC + VICReg,input,tcr,covariance_trace,0.0169017633040721,0.016650876667978983,-0.0002508866360931179,-0.01484381431567394,,
lora_esmc_vicreg,LoRA ESMC + VICReg,input,tcr,median_pairwise_cosine,0.017377045759565515,0.01748670585450674,0.00010966009494122603,0.0063106293473884426,,
lora_esmc_vicreg,LoRA ESMC + VICReg,input,peptide,covariance_trace,2.377272197882423e-09,0.0,-2.377272197882423e-09,-1.0,,
lora_esmc_vicreg,LoRA ESMC + VICReg,input,peptide,median_pairwise_cosine,-5.3205576259991525e-18,-6.106226635438361e-17,-5.574170872838447e-17,-5.5741708728384465e-05,,
lora_esmc_vicreg,LoRA ESMC + VICReg,input,hla,covariance_trace,3.672906010208653e-05,0.0,-3.672906010208653e-05,-1.0,,
lora_esmc_vicreg,LoRA ESMC + VICReg,input,hla,median_pairwise_cosine,4.207028511304129e-06,-1.1102230246251565e-16,-4.2070285114151515e-06,-1.0000000000263898,,
lora_esmc_vicreg,LoRA ESMC + VICReg,input,pmhc,covariance_trace,3.673143737428441e-05,0.0,-3.673143737428441e-05,-1.0,,
lora_esmc_vicreg,LoRA ESMC + VICReg,input,pmhc,median_pairwise_cosine,2.1395130184051172e-06,4.9960036108132046e-17,-2.139513018355157e-06,-0.9999999999766488,,
lora_esmc_vicreg,LoRA ESMC + VICReg,input,tcr,cliffs_delta_pn_vs_pp,0.23625223351097244,0.13182561932528114,-0.1044266141856913,,-0.21666732304693967,0.01480934780598805
lora_esmc_vicreg,LoRA ESMC + VICReg,pre_expander,tcr,covariance_trace,3.9197771006619746,2.821141275736019,-1.0986358249259558,-0.2802801783653508,,
lora_esmc_vicreg,LoRA ESMC + VICReg,pre_expander,tcr,median_pairwise_cosine,0.8538919944935934,0.4641554881121527,-0.38973650638144075,-0.4564236564983569,,
lora_esmc_vicreg,LoRA ESMC + VICReg,pre_expander,peptide,covariance_trace,8.151090137042525e-09,0.0,-8.151090137042525e-09,-1.0,,
lora_esmc_vicreg,LoRA ESMC + VICReg,pre_expander,peptide,median_pairwise_cosine,-3.121393807252836e-17,-3.33066907387547e-17,-2.0927526662263396e-18,-2.0927526662263396e-06,,
lora_esmc_vicreg,LoRA ESMC + VICReg,pre_expander,hla,covariance_trace,0.013955124340442653,0.0,-0.013955124340442653,-1.0,,
lora_esmc_vicreg,LoRA ESMC + VICReg,pre_expander,hla,median_pairwise_cosine,0.0023081342198818123,-2.2204460492503132e-17,-0.0023081342198818344,-1.0000000000000095,,
lora_esmc_vicreg,LoRA ESMC + VICReg,pre_expander,pmhc,covariance_trace,0.013955132491532789,0.0,-0.013955132491532789,-1.0,,
lora_esmc_vicreg,LoRA ESMC + VICReg,pre_expander,pmhc,median_pairwise_cosine,0.0013976946836970466,-6.6613381477509405e-18,-0.0013976946836970533,-1.0000000000000049,,
lora_esmc_vicreg,LoRA ESMC + VICReg,pre_expander,tcr,cliffs_delta_pn_vs_pp,0.4070370752245715,0.11377352769679298,-0.2932635475277785,,-0.40333037104104547,-0.17749134645889686
lora_esmc_vicreg,LoRA ESMC + VICReg,final_latent,tcr,covariance_trace,30.38067954147471,14.814130049723747,-15.566549491750962,-0.5123831897999522,,
lora_esmc_vicreg,LoRA ESMC + VICReg,final_latent,tcr,median_pairwise_cosine,0.9301712380322967,0.3228931967553139,-0.6072780412769828,-0.65286693078323,,
lora_esmc_vicreg,LoRA ESMC + VICReg,final_latent,peptide,covariance_trace,1.2895427996565602e-08,0.0,-1.2895427996565602e-08,-1.0,,
lora_esmc_vicreg,LoRA ESMC + VICReg,final_latent,peptide,median_pairwise_cosine,-1.8160836696743775e-17,-5.329070518200751e-17,-3.5129868485263737e-17,-3.5129868485263735e-05,,
lora_esmc_vicreg,LoRA ESMC + VICReg,final_latent,hla,covariance_trace,0.026460367467211855,0.0,-0.026460367467211855,-1.0,,
lora_esmc_vicreg,LoRA ESMC + VICReg,final_latent,hla,median_pairwise_cosine,0.0012795594296597112,4.4408920985006264e-17,-0.0012795594296596668,-0.9999999999999653,,
lora_esmc_vicreg,LoRA ESMC + VICReg,final_latent,pmhc,covariance_trace,0.02646038036263985,0.0,-0.02646038036263985,-1.0,,
lora_esmc_vicreg,LoRA ESMC + VICReg,final_latent,pmhc,median_pairwise_cosine,0.0020243729990844666,-2.997602166487923e-17,-0.0020243729990844965,-1.0000000000000149,,
lora_esmc_vicreg,LoRA ESMC + VICReg,final_latent,tcr,cliffs_delta_pn_vs_pp,0.32746552913727434,0.081177162848813,-0.24628836628846135,,-0.3513219114406762,-0.1368132170288935
