analysis,metric,model,model_label,split,stage,side,peptide_balanced_mean,peptide_median,ci_low,ci_high,n_peptides,n_bootstrap,test_peptide_balanced_mean,test_ci_low,test_ci_high,immrep_peptide_balanced_mean,immrep_ci_low,immrep_ci_high,immrep_minus_test,immrep_minus_test_ci_low,immrep_minus_test_ci_high,immrep_div_test,immrep_div_test_ci_low,immrep_div_test_ci_high,n_peptides_test,n_peptides_immrep
unnormalised_mse,median_pairwise_mse,lora_esmc_vicreg,LoRA ESMC + VICReg,immrep_test,final_latent,tcr,0.07277326550949209,0.07267710775797104,0.07043570307579024,0.07525007218280481,20.0,2000,,,,,,,,,,,,,,
unnormalised_mse,median_pairwise_mse,lora_esmc_vicreg,LoRA ESMC + VICReg,immrep_test,input,tcr,3.2219439318999234e-05,3.224566766527957e-05,3.175588651784195e-05,3.266941432830212e-05,20.0,2000,,,,,,,,,,,,,,
unnormalised_mse,median_pairwise_mse,lora_esmc_vicreg,LoRA ESMC + VICReg,immrep_test,pre_expander,tcr,0.021452958523408727,0.02148502039850298,0.021398708881304754,0.021509277812709282,20.0,2000,,,,,,,,,,,,,,
unnormalised_mse,median_pairwise_mse,lora_esmc_vicreg,LoRA ESMC + VICReg,test,final_latent,tcr,0.23718919516853665,0.23157189601611033,0.22594590906389594,0.24971737977874164,313.0,2000,,,,,,,,,,,,,,
unnormalised_mse,median_pairwise_mse,lora_esmc_vicreg,LoRA ESMC + VICReg,test,input,tcr,3.45473905957586e-05,3.228076665839021e-05,3.303595566607077e-05,3.624264804006243e-05,313.0,2000,,,,,,,,,,,,,,
unnormalised_mse,median_pairwise_mse,lora_esmc_vicreg,LoRA ESMC + VICReg,test,pre_expander,tcr,0.030599001560489388,0.02987083884556844,0.02972522408190557,0.03147273224154738,313.0,2000,,,,,,,,,,,,,,
unnormalised_mse,median_pairwise_mse,lora_esmc_vicreg,LoRA ESMC + VICReg,train,final_latent,tcr,0.16249212586159728,0.165411348852532,0.1555033222361115,0.16945434043651847,568.0,2000,,,,,,,,,,,,,,
unnormalised_mse,median_pairwise_mse,lora_esmc_vicreg,LoRA ESMC + VICReg,train,input,tcr,2.179377803494008e-05,2.401767525159948e-05,2.0572496952698585e-05,2.308067520042289e-05,568.0,2000,,,,,,,,,,,,,,
unnormalised_mse,median_pairwise_mse,lora_esmc_vicreg,LoRA ESMC + VICReg,train,pre_expander,tcr,0.02329965034610039,0.023058324437398046,0.022813953801807247,0.023749383218198382,568.0,2000,,,,,,,,,,,,,,
unnormalised_mse,median_pairwise_mse,onehot_vicreg,One-hot + VICReg,immrep_test,final_latent,tcr,0.29601769653443893,0.2956298513019604,0.2936056542307139,0.2984619536079808,20.0,2000,,,,,,,,,,,,,,
unnormalised_mse,median_pairwise_mse,onehot_vicreg,One-hot + VICReg,immrep_test,input,tcr,0.0002085878148391198,0.00020893911044849773,0.0002079689950154156,0.00020921237826577272,20.0,2000,,,,,,,,,,,,,,
unnormalised_mse,median_pairwise_mse,onehot_vicreg,One-hot + VICReg,immrep_test,pre_expander,tcr,0.3066366227494614,0.30666772515727814,0.3047147430239471,0.3085030647059661,20.0,2000,,,,,,,,,,,,,,
unnormalised_mse,median_pairwise_mse,onehot_vicreg,One-hot + VICReg,test,final_latent,tcr,0.3834493656068736,0.33777799703385514,0.3594249048676158,0.4086867261853961,313.0,2000,,,,,,,,,,,,,,
unnormalised_mse,median_pairwise_mse,onehot_vicreg,One-hot + VICReg,test,input,tcr,0.00021061400671981549,0.00020244316309664883,0.0002019354226794933,0.00021881631906309508,313.0,2000,,,,,,,,,,,,,,
unnormalised_mse,median_pairwise_mse,onehot_vicreg,One-hot + VICReg,test,pre_expander,tcr,0.33849656195579125,0.33645257135261025,0.33282118797756743,0.34387095698553355,313.0,2000,,,,,,,,,,,,,,
unnormalised_mse,median_pairwise_mse,onehot_vicreg,One-hot + VICReg,train,final_latent,tcr,0.28471664980505484,0.2537759284219689,0.2722485971115792,0.2966678405436824,568.0,2000,,,,,,,,,,,,,,
unnormalised_mse,median_pairwise_mse,onehot_vicreg,One-hot + VICReg,train,input,tcr,0.00013944149861873386,0.00015410749154281915,0.0001313453421110791,0.000147018630219791,568.0,2000,,,,,,,,,,,,,,
unnormalised_mse,median_pairwise_mse,onehot_vicreg,One-hot + VICReg,train,pre_expander,tcr,0.260894358134059,0.28059698174182934,0.2542257217422069,0.2676493567205304,568.0,2000,,,,,,,,,,,,,,
unnormalised_mse,median_pairwise_mse,raw_esmc_vicreg,Raw ESMC + VICReg,immrep_test,final_latent,tcr,0.06182655600641027,0.06159044719249657,0.05962262320234426,0.06419478482589844,20.0,2000,,,,,,,,,,,,,,
unnormalised_mse,median_pairwise_mse,raw_esmc_vicreg,Raw ESMC + VICReg,immrep_test,input,tcr,3.594876358004459e-05,3.5962341195671535e-05,3.5546472436158657e-05,3.635092719797035e-05,20.0,2000,,,,,,,,,,,,,,
unnormalised_mse,median_pairwise_mse,raw_esmc_vicreg,Raw ESMC + VICReg,immrep_test,pre_expander,tcr,0.016785395154866083,0.016788872059875525,0.016750125137105255,0.016820167280351104,20.0,2000,,,,,,,,,,,,,,
unnormalised_mse,median_pairwise_mse,raw_esmc_vicreg,Raw ESMC + VICReg,test,final_latent,tcr,0.23285838785731813,0.23546343542030845,0.2216320216450753,0.24434377537147925,313.0,2000,,,,,,,,,,,,,,
unnormalised_mse,median_pairwise_mse,raw_esmc_vicreg,Raw ESMC + VICReg,test,input,tcr,3.635566090915092e-05,3.308034444576367e-05,3.4600314115773615e-05,3.818639078990204e-05,313.0,2000,,,,,,,,,,,,,,
unnormalised_mse,median_pairwise_mse,raw_esmc_vicreg,Raw ESMC + VICReg,test,pre_expander,tcr,0.023514464215947387,0.023136865916054572,0.022831251653354506,0.024166089858365488,313.0,2000,,,,,,,,,,,,,,
unnormalised_mse,median_pairwise_mse,raw_esmc_vicreg,Raw ESMC + VICReg,train,final_latent,tcr,0.1576414883258588,0.15330909862873837,0.15066203404075737,0.1646421503552386,568.0,2000,,,,,,,,,,,,,,
unnormalised_mse,median_pairwise_mse,raw_esmc_vicreg,Raw ESMC + VICReg,train,input,tcr,2.5995485234327248e-05,2.7770791150281674e-05,2.4498825112083382e-05,2.7521707604268423e-05,568.0,2000,,,,,,,,,,,,,,
unnormalised_mse,median_pairwise_mse,raw_esmc_vicreg,Raw ESMC + VICReg,train,pre_expander,tcr,0.017807212366752295,0.017801056605014853,0.01744167308304816,0.018184843545362317,568.0,2000,,,,,,,,,,,,,,
unnormalised_mse,median_pairwise_mse,onehot_vicreg,One-hot + VICReg,comparison_immrep_vs_test,input,tcr,,,,,,2000,0.00021061400671981549,0.0002019354226794933,0.00021881631906309508,0.0002085878148391198,0.0002079689950154156,0.00020921237826577272,-2.026191880695683e-06,-1.0363306657618548e-05,6.127186091369261e-06,0.9903795957721313,0.952651269584104,1.0303742634124728,313.0,20.0
unnormalised_mse,median_pairwise_mse,onehot_vicreg,One-hot + VICReg,comparison_immrep_vs_test,pre_expander,tcr,,,,,,2000,0.33849656195579125,0.33282118797756743,0.34387095698553355,0.3066366227494614,0.3047147430239471,0.3085030647059661,-0.031859939206329846,-0.03800871949411845,-0.02574277363184745,0.9058781010293072,0.8894460125951146,0.9226515117516978,313.0,20.0
unnormalised_mse,median_pairwise_mse,onehot_vicreg,One-hot + VICReg,comparison_immrep_vs_test,final_latent,tcr,,,,,,2000,0.3834493656068736,0.3594249048676158,0.4086867261853961,0.29601769653443893,0.2936056542307139,0.2984619536079808,-0.08743166907243466,-0.11199912150864903,-0.06563498522617522,0.7719864031224586,0.7252738212095883,0.8189588682440927,313.0,20.0
unnormalised_mse,median_pairwise_mse,raw_esmc_vicreg,Raw ESMC + VICReg,comparison_immrep_vs_test,input,tcr,,,,,,2000,3.635566090915092e-05,3.4600314115773615e-05,3.818639078990204e-05,3.594876358004459e-05,3.5546472436158657e-05,3.635092719797035e-05,-4.0689732910633336e-07,-2.2743770548209644e-06,1.4960575052459151e-06,0.9888078687354047,0.9402015310509795,1.0435341759424084,313.0,20.0
unnormalised_mse,median_pairwise_mse,raw_esmc_vicreg,Raw ESMC + VICReg,comparison_immrep_vs_test,pre_expander,tcr,,,,,,2000,0.023514464215947387,0.022831251653354506,0.024166089858365488,0.016785395154866083,0.016750125137105255,0.016820167280351104,-0.006729069061081304,-0.007400628986497686,-0.00611025712692395,0.7138327712133162,0.6937552722373541,0.7333239230934152,313.0,20.0
unnormalised_mse,median_pairwise_mse,raw_esmc_vicreg,Raw ESMC + VICReg,comparison_immrep_vs_test,final_latent,tcr,,,,,,2000,0.23285838785731813,0.2216320216450753,0.24434377537147925,0.06182655600641027,0.05962262320234426,0.06419478482589844,-0.17103183185090787,-0.18267914443259992,-0.1595213694982624,0.2655113976151631,0.24932619440533949,0.28235718336022325,313.0,20.0
unnormalised_mse,median_pairwise_mse,lora_esmc_vicreg,LoRA ESMC + VICReg,comparison_immrep_vs_test,input,tcr,,,,,,2000,3.45473905957586e-05,3.303595566607077e-05,3.624264804006243e-05,3.2219439318999234e-05,3.175588651784195e-05,3.266941432830212e-05,-2.3279512767593636e-06,-3.970686952117683e-06,-6.516847366553161e-07,0.9326157131808048,0.8898537980675297,0.980204627217677,313.0,20.0
unnormalised_mse,median_pairwise_mse,lora_esmc_vicreg,LoRA ESMC + VICReg,comparison_immrep_vs_test,pre_expander,tcr,,,,,,2000,0.030599001560489388,0.02972522408190557,0.03147273224154738,0.021452958523408727,0.021398708881304754,0.021509277812709282,-0.009146043037080661,-0.010023964953602056,-0.008251858588352007,0.7010999519379618,0.6814651003284452,0.7220607235709648,313.0,20.0
unnormalised_mse,median_pairwise_mse,lora_esmc_vicreg,LoRA ESMC + VICReg,comparison_immrep_vs_test,final_latent,tcr,,,,,,2000,0.23718919516853665,0.22594590906389594,0.24971737977874164,0.07277326550949209,0.07043570307579024,0.07525007218280481,-0.16441592965904456,-0.1764424130670661,-0.1525296056520889,0.3068152638984355,0.28920099091766266,0.32681301469619056,313.0,20.0
unnormalised_mse,mean_latent_norm,lora_esmc_vicreg,LoRA ESMC + VICReg,immrep_test,final_latent,tcr,5.44727781843265,5.44727781796999,5.42341452449483,5.471141112323725,20.0,2000,,,,,,,,,,,,,,
unnormalised_mse,mean_latent_norm,lora_esmc_vicreg,LoRA ESMC + VICReg,immrep_test,input,tcr,0.9189777750710639,0.9189777750710639,0.9185825082522049,0.9193730418899231,20.0,2000,,,,,,,,,,,,,,
unnormalised_mse,mean_latent_norm,lora_esmc_vicreg,LoRA ESMC + VICReg,immrep_test,pre_expander,tcr,2.437422999617789,2.437422999553709,2.4301987087279566,2.4446472905418735,20.0,2000,,,,,,,,,,,,,,
unnormalised_mse,mean_latent_norm,lora_esmc_vicreg,LoRA ESMC + VICReg,test,final_latent,tcr,5.629630422356638,5.605275026503877,5.559045318128573,5.703074392656914,381.0,2000,,,,,,,,,,,,,,
unnormalised_mse,mean_latent_norm,lora_esmc_vicreg,LoRA ESMC + VICReg,test,input,tcr,0.9341697781220242,0.9336521200721926,0.931645412438861,0.9366605964380407,381.0,2000,,,,,,,,,,,,,,
unnormalised_mse,mean_latent_norm,lora_esmc_vicreg,LoRA ESMC + VICReg,test,pre_expander,tcr,2.130605163775141,2.112184525129961,2.1106524721355835,2.1497694731871833,381.0,2000,,,,,,,,,,,,,,
unnormalised_mse,mean_latent_norm,lora_esmc_vicreg,LoRA ESMC + VICReg,train,final_latent,tcr,5.445697027776336,5.335954810096787,5.397020733981582,5.498177932142143,925.0,2000,,,,,,,,,,,,,,
unnormalised_mse,mean_latent_norm,lora_esmc_vicreg,LoRA ESMC + VICReg,train,input,tcr,0.9269298498597383,0.9286438010380994,0.9251032058815928,0.928712169999891,925.0,2000,,,,,,,,,,,,,,
unnormalised_mse,mean_latent_norm,lora_esmc_vicreg,LoRA ESMC + VICReg,train,pre_expander,tcr,2.2021118107106354,2.1892808513798983,2.186842053974404,2.2178202391244897,925.0,2000,,,,,,,,,,,,,,
unnormalised_mse,mean_latent_norm,onehot_vicreg,One-hot + VICReg,immrep_test,final_latent,tcr,7.850531029025591,7.850531028895484,7.835644807357789,7.865417250692057,20.0,2000,,,,,,,,,,,,,,
unnormalised_mse,mean_latent_norm,onehot_vicreg,One-hot + VICReg,immrep_test,input,tcr,0.2536525239499697,0.2536525239499696,0.25352873833044354,0.2537763095694958,20.0,2000,,,,,,,,,,,,,,
unnormalised_mse,mean_latent_norm,onehot_vicreg,One-hot + VICReg,immrep_test,pre_expander,tcr,7.489008790871663,7.489008790841494,7.466394746503756,7.511622835227215,20.0,2000,,,,,,,,,,,,,,
unnormalised_mse,mean_latent_norm,onehot_vicreg,One-hot + VICReg,test,final_latent,tcr,8.097460831600166,7.834313484615097,7.96295997033564,8.236430470812495,381.0,2000,,,,,,,,,,,,,,
unnormalised_mse,mean_latent_norm,onehot_vicreg,One-hot + VICReg,test,input,tcr,0.25135137505967625,0.2510962695117281,0.2509239423132814,0.25176518537071824,381.0,2000,,,,,,,,,,,,,,
unnormalised_mse,mean_latent_norm,onehot_vicreg,One-hot + VICReg,test,pre_expander,tcr,7.836450350005887,7.851187670996919,7.8015743390945165,7.873290381601381,381.0,2000,,,,,,,,,,,,,,
unnormalised_mse,mean_latent_norm,onehot_vicreg,One-hot + VICReg,train,final_latent,tcr,7.843026772542903,7.4062519404997165,7.725242066012209,7.969341076926781,925.0,2000,,,,,,,,,,,,,,
unnormalised_mse,mean_latent_norm,onehot_vicreg,One-hot + VICReg,train,input,tcr,0.25251571714544735,0.2515749695763478,0.2521808517104661,0.2528772432688436,925.0,2000,,,,,,,,,,,,,,
unnormalised_mse,mean_latent_norm,onehot_vicreg,One-hot + VICReg,train,pre_expander,tcr,7.696359504529063,7.692077509472647,7.670100899953608,7.7207642159026495,925.0,2000,,,,,,,,,,,,,,
unnormalised_mse,mean_latent_norm,raw_esmc_vicreg,Raw ESMC + VICReg,immrep_test,final_latent,tcr,5.225420221359371,5.225420221308044,5.170849793707267,5.279990648907804,20.0,2000,,,,,,,,,,,,,,
unnormalised_mse,mean_latent_norm,raw_esmc_vicreg,Raw ESMC + VICReg,immrep_test,input,tcr,0.7243270314276096,0.7243270314276096,0.72368893767626,0.7249651251789592,20.0,2000,,,,,,,,,,,,,,
unnormalised_mse,mean_latent_norm,raw_esmc_vicreg,Raw ESMC + VICReg,immrep_test,pre_expander,tcr,2.1382055755140135,2.138205575432343,2.1262319277864585,2.150254058584799,20.0,2000,,,,,,,,,,,,,,
unnormalised_mse,mean_latent_norm,raw_esmc_vicreg,Raw ESMC + VICReg,test,final_latent,tcr,5.737394677377856,5.732747644782135,5.658109361389886,5.823044174681845,381.0,2000,,,,,,,,,,,,,,
unnormalised_mse,mean_latent_norm,raw_esmc_vicreg,Raw ESMC + VICReg,test,input,tcr,0.7346704299770745,0.733543918378284,0.7330490771312246,0.7362989182618054,381.0,2000,,,,,,,,,,,,,,
unnormalised_mse,mean_latent_norm,raw_esmc_vicreg,Raw ESMC + VICReg,test,pre_expander,tcr,1.8583832703304248,1.8539105058713907,1.8404052944072034,1.8771938854362231,381.0,2000,,,,,,,,,,,,,,
unnormalised_mse,mean_latent_norm,raw_esmc_vicreg,Raw ESMC + VICReg,train,final_latent,tcr,5.35086879880807,5.29207040575738,5.295416166252674,5.406983874601955,925.0,2000,,,,,,,,,,,,,,
unnormalised_mse,mean_latent_norm,raw_esmc_vicreg,Raw ESMC + VICReg,train,input,tcr,0.7308615888023601,0.7284556562690917,0.7295131738921993,0.7321198361716541,925.0,2000,,,,,,,,,,,,,,
unnormalised_mse,mean_latent_norm,raw_esmc_vicreg,Raw ESMC + VICReg,train,pre_expander,tcr,1.9146298658352807,1.9037287613601657,1.8999369453754535,1.9294778365733145,925.0,2000,,,,,,,,,,,,,,
unnormalised_mse,mean_latent_norm,onehot_vicreg,One-hot + VICReg,comparison_immrep_vs_test,input,tcr,,,,,,2000,0.25135137505967625,0.2509239423132814,0.25176518537071824,0.2536525239499697,0.25352873833044354,0.2537763095694958,0.002301148890293425,0.001862230650205071,0.002725944729926183,1.009155107624723,1.007398596013585,1.010864233768971,381.0,20.0
unnormalised_mse,mean_latent_norm,onehot_vicreg,One-hot + VICReg,comparison_immrep_vs_test,pre_expander,tcr,,,,,,2000,7.836450350005887,7.8015743390945165,7.873290381601381,7.489008790871663,7.466394746503756,7.511622835227215,-0.34744155913422325,-0.39255977812889536,-0.3048063977024096,0.9556634006959589,0.9501087647786854,0.9609741730518833,381.0,20.0
unnormalised_mse,mean_latent_norm,onehot_vicreg,One-hot + VICReg,comparison_immrep_vs_test,final_latent,tcr,,,,,,2000,8.097460831600166,7.96295997033564,8.236430470812495,7.850531029025591,7.835644807357789,7.865417250692057,-0.24692980257457542,-0.3925817191778315,-0.1159778570533588,0.9695052797772189,0.9523121480654044,0.9854419911364226,381.0,20.0
unnormalised_mse,mean_latent_norm,raw_esmc_vicreg,Raw ESMC + VICReg,comparison_immrep_vs_test,input,tcr,,,,,,2000,0.7346704299770745,0.7330490771312246,0.7362989182618054,0.7243270314276096,0.72368893767626,0.7249651251789592,-0.010343398549464977,-0.012100796552463234,-0.008561216437949876,0.9859210359810076,0.9835611300083881,0.9883240735394017,381.0,20.0
unnormalised_mse,mean_latent_norm,raw_esmc_vicreg,Raw ESMC + VICReg,comparison_immrep_vs_test,pre_expander,tcr,,,,,,2000,1.8583832703304248,1.8404052944072034,1.8771938854362231,2.1382055755140135,2.1262319277864585,2.150254058584799,0.27982230518358864,0.25723415372239117,0.3026928416810508,1.1505729790248465,1.1373134933021465,1.1642391242987928,381.0,20.0
unnormalised_mse,mean_latent_norm,raw_esmc_vicreg,Raw ESMC + VICReg,comparison_immrep_vs_test,final_latent,tcr,,,,,,2000,5.737394677377856,5.658109361389886,5.823044174681845,5.225420221359371,5.170849793707267,5.279990648907804,-0.5119744560184856,-0.6190651467933647,-0.40772316176427637,0.9107653412729013,0.8931638052079985,0.9282917005823204,381.0,20.0
unnormalised_mse,mean_latent_norm,lora_esmc_vicreg,LoRA ESMC + VICReg,comparison_immrep_vs_test,input,tcr,,,,,,2000,0.9341697781220242,0.931645412438861,0.9366605964380407,0.9189777750710639,0.9185825082522049,0.9193730418899231,-0.015192003050960246,-0.017724614504049344,-0.012527360128140848,0.9837374282418974,0.9810834825333615,0.9865543028099238,381.0,20.0
unnormalised_mse,mean_latent_norm,lora_esmc_vicreg,LoRA ESMC + VICReg,comparison_immrep_vs_test,pre_expander,tcr,,,,,,2000,2.130605163775141,2.1106524721355835,2.1497694731871833,2.437422999617789,2.4301987087279566,2.4446472905418735,0.3068178358426481,0.2848238521710438,0.3286649792500255,1.1440050184141153,1.1324076635413787,1.1555687215171775,381.0,20.0
unnormalised_mse,mean_latent_norm,lora_esmc_vicreg,LoRA ESMC + VICReg,comparison_immrep_vs_test,final_latent,tcr,,,,,,2000,5.629630422356638,5.559045318128573,5.703074392656914,5.44727781843265,5.42341452449483,5.471141112323725,-0.182352603923988,-0.2636153771435227,-0.1078897376633467,0.9676084236009843,0.9538293567012758,0.980608333792094,381.0,20.0
unnormalised_mse,median_latent_norm,lora_esmc_vicreg,LoRA ESMC + VICReg,immrep_test,final_latent,tcr,5.293291216630605,5.293291216630605,5.258976155358826,5.327606277902385,20.0,2000,,,,,,,,,,,,,,
unnormalised_mse,median_latent_norm,lora_esmc_vicreg,LoRA ESMC + VICReg,immrep_test,input,tcr,0.9180315643764109,0.918031564376411,0.9176772362338464,0.9183858925189756,20.0,2000,,,,,,,,,,,,,,
unnormalised_mse,median_latent_norm,lora_esmc_vicreg,LoRA ESMC + VICReg,immrep_test,pre_expander,tcr,2.4317610923191295,2.431761092319129,2.4218792230669375,2.4396665877208834,20.0,2000,,,,,,,,,,,,,,
unnormalised_mse,median_latent_norm,lora_esmc_vicreg,LoRA ESMC + VICReg,test,final_latent,tcr,5.611520494982967,5.5866377962166585,5.542268443077298,5.679192513286696,381.0,2000,,,,,,,,,,,,,,
unnormalised_mse,median_latent_norm,lora_esmc_vicreg,LoRA ESMC + VICReg,test,input,tcr,0.9338951513852249,0.9336521200721926,0.9314848827683496,0.9364109662209117,381.0,2000,,,,,,,,,,,,,,
unnormalised_mse,median_latent_norm,lora_esmc_vicreg,LoRA ESMC + VICReg,test,pre_expander,tcr,2.124966370435031,2.09997034103334,2.1048864790713466,2.144946130075894,381.0,2000,,,,,,,,,,,,,,
unnormalised_mse,median_latent_norm,lora_esmc_vicreg,LoRA ESMC + VICReg,train,final_latent,tcr,5.440269364862934,5.315926723067839,5.389876673831371,5.489302631767755,925.0,2000,,,,,,,,,,,,,,
unnormalised_mse,median_latent_norm,lora_esmc_vicreg,LoRA ESMC + VICReg,train,input,tcr,0.9270337524109556,0.9287947937177499,0.9251881807383621,0.92887551314204,925.0,2000,,,,,,,,,,,,,,
unnormalised_mse,median_latent_norm,lora_esmc_vicreg,LoRA ESMC + VICReg,train,pre_expander,tcr,2.2028324759650255,2.1884301045375376,2.1867487030215087,2.2184701256464123,925.0,2000,,,,,,,,,,,,,,
unnormalised_mse,median_latent_norm,onehot_vicreg,One-hot + VICReg,immrep_test,final_latent,tcr,7.1692762360825695,7.1692762302566955,7.109607233122304,7.217011439615959,20.0,2000,,,,,,,,,,,,,,
unnormalised_mse,median_latent_norm,onehot_vicreg,One-hot + VICReg,immrep_test,input,tcr,0.2529513620641013,0.2529513620641013,0.25291810374684925,0.2529929349606663,20.0,2000,,,,,,,,,,,,,,
unnormalised_mse,median_latent_norm,onehot_vicreg,One-hot + VICReg,immrep_test,pre_expander,tcr,7.481570347833771,7.481570347191022,7.456928575882804,7.50621211978474,20.0,2000,,,,,,,,,,,,,,
unnormalised_mse,median_latent_norm,onehot_vicreg,One-hot + VICReg,test,final_latent,tcr,7.991007089211569,7.748094477234355,7.862269395004507,8.123234892896168,381.0,2000,,,,,,,,,,,,,,
unnormalised_mse,median_latent_norm,onehot_vicreg,One-hot + VICReg,test,input,tcr,0.2512700624377535,0.2509832525825888,0.2508624599551539,0.25170065578334855,381.0,2000,,,,,,,,,,,,,,
unnormalised_mse,median_latent_norm,onehot_vicreg,One-hot + VICReg,test,pre_expander,tcr,7.831689422972712,7.847353262589539,7.795620501769624,7.869151193659776,381.0,2000,,,,,,,,,,,,,,
unnormalised_mse,median_latent_norm,onehot_vicreg,One-hot + VICReg,train,final_latent,tcr,7.786590650684762,7.345378662702788,7.6638105621319985,7.913409670246034,925.0,2000,,,,,,,,,,,,,,
unnormalised_mse,median_latent_norm,onehot_vicreg,One-hot + VICReg,train,input,tcr,0.252429438818665,0.25132512800871926,0.25207543062103627,0.2528004216260631,925.0,2000,,,,,,,,,,,,,,
unnormalised_mse,median_latent_norm,onehot_vicreg,One-hot + VICReg,train,pre_expander,tcr,7.690778296309204,7.685303609119805,7.665722244567693,7.718766667473808,925.0,2000,,,,,,,,,,,,,,
unnormalised_mse,median_latent_norm,raw_esmc_vicreg,Raw ESMC + VICReg,immrep_test,final_latent,tcr,5.028992479835365,5.028992475033435,4.952025284432833,5.105959680039828,20.0,2000,,,,,,,,,,,,,,
unnormalised_mse,median_latent_norm,raw_esmc_vicreg,Raw ESMC + VICReg,immrep_test,input,tcr,0.7208816196980816,0.7208816196980816,0.7199161167091622,0.721847122687001,20.0,2000,,,,,,,,,,,,,,
unnormalised_mse,median_latent_norm,raw_esmc_vicreg,Raw ESMC + VICReg,immrep_test,pre_expander,tcr,2.1248421256808867,2.124842125680887,2.1114657392689007,2.1382185120928727,20.0,2000,,,,,,,,,,,,,,
unnormalised_mse,median_latent_norm,raw_esmc_vicreg,Raw ESMC + VICReg,test,final_latent,tcr,5.725909179791081,5.727138514398977,5.646027285859445,5.811738739851329,381.0,2000,,,,,,,,,,,,,,
unnormalised_mse,median_latent_norm,raw_esmc_vicreg,Raw ESMC + VICReg,test,input,tcr,0.7337639879845711,0.7314163175648604,0.732113875002135,0.7354506940510138,381.0,2000,,,,,,,,,,,,,,
unnormalised_mse,median_latent_norm,raw_esmc_vicreg,Raw ESMC + VICReg,test,pre_expander,tcr,1.8507558512870312,1.8418418564246501,1.83274532693037,1.868958288515091,381.0,2000,,,,,,,,,,,,,,
unnormalised_mse,median_latent_norm,raw_esmc_vicreg,Raw ESMC + VICReg,train,final_latent,tcr,5.343493207238715,5.257457421053251,5.287412263545196,5.402449478744604,925.0,2000,,,,,,,,,,,,,,
unnormalised_mse,median_latent_norm,raw_esmc_vicreg,Raw ESMC + VICReg,train,input,tcr,0.7302698185466513,0.7277983560873147,0.7289188192220997,0.7315371640285513,925.0,2000,,,,,,,,,,,,,,
unnormalised_mse,median_latent_norm,raw_esmc_vicreg,Raw ESMC + VICReg,train,pre_expander,tcr,1.9131297578616668,1.8990848867307388,1.8981403343265018,1.928176508086546,925.0,2000,,,,,,,,,,,,,,
unnormalised_mse,median_latent_norm,onehot_vicreg,One-hot + VICReg,comparison_immrep_vs_test,input,tcr,,,,,,2000,0.2512700624377535,0.2508624599551539,0.25170065578334855,0.2529513620641013,0.25291810374684925,0.2529929349606663,0.0016812996263477764,0.0012508677795640979,0.0021382415563366494,1.0066912055102637,1.0049701437075742,1.0085252168441607,381.0,20.0
unnormalised_mse,median_latent_norm,onehot_vicreg,One-hot + VICReg,comparison_immrep_vs_test,pre_expander,tcr,,,,,,2000,7.831689422972712,7.795620501769624,7.869151193659776,7.481570347833771,7.456928575882804,7.50621211978474,-0.3501190751389407,-0.3985101298157317,-0.30584763203965165,0.9552945659321046,0.9493480497047339,0.9608348078216364,381.0,20.0
unnormalised_mse,median_latent_norm,onehot_vicreg,One-hot + VICReg,comparison_immrep_vs_test,final_latent,tcr,,,,,,2000,7.991007089211569,7.862269395004507,8.123234892896168,7.1692762360825695,7.109607233122304,7.217011439615959,-0.821730853129,-0.9718869332443808,-0.6826394825189127,0.8971680485381629,0.8805217560416051,0.9133638174163654,381.0,20.0
unnormalised_mse,median_latent_norm,raw_esmc_vicreg,Raw ESMC + VICReg,comparison_immrep_vs_test,input,tcr,,,,,,2000,0.7337639879845711,0.732113875002135,0.7354506940510138,0.7208816196980816,0.7199161167091622,0.721847122687001,-0.012882368286489476,-0.015073213806827482,-0.010988590858985587,0.9824434443534447,0.9795109654666783,0.9850001246659659,381.0,20.0
unnormalised_mse,median_latent_norm,raw_esmc_vicreg,Raw ESMC + VICReg,comparison_immrep_vs_test,pre_expander,tcr,,,,,,2000,1.8507558512870312,1.83274532693037,1.868958288515091,2.1248421256808867,2.1114657392689007,2.1382185120928727,0.27408627439385547,0.24933503634889564,0.29686520752719703,1.1480942363106692,1.1335702087149486,1.161675270646046,381.0,20.0
unnormalised_mse,median_latent_norm,raw_esmc_vicreg,Raw ESMC + VICReg,comparison_immrep_vs_test,final_latent,tcr,,,,,,2000,5.725909179791081,5.646027285859445,5.811738739851329,5.028992479835365,4.952025284432833,5.105959680039828,-0.6969166999557164,-0.80780104450172,-0.5838935196287864,0.878287154393681,0.8600137247104603,0.8970197751079273,381.0,20.0
unnormalised_mse,median_latent_norm,lora_esmc_vicreg,LoRA ESMC + VICReg,comparison_immrep_vs_test,input,tcr,,,,,,2000,0.9338951513852249,0.9314848827683496,0.9364109662209117,0.9180315643764109,0.9176772362338464,0.9183858925189756,-0.015863587008814073,-0.01830083711350898,-0.013290200544172277,0.9830135246068212,0.9804538734388528,0.9857337463819728,381.0,20.0
unnormalised_mse,median_latent_norm,lora_esmc_vicreg,LoRA ESMC + VICReg,comparison_immrep_vs_test,pre_expander,tcr,,,,,,2000,2.124966370435031,2.1048864790713466,2.144946130075894,2.4317610923191295,2.4218792230669375,2.4396665877208834,0.30679472188409873,0.28470550203533074,0.3292540496899394,1.1443762716213202,1.1329320386222133,1.1562989492564577,381.0,20.0
unnormalised_mse,median_latent_norm,lora_esmc_vicreg,LoRA ESMC + VICReg,comparison_immrep_vs_test,final_latent,tcr,,,,,,2000,5.611520494982967,5.542268443077298,5.679192513286696,5.293291216630605,5.258976155358826,5.327606277902385,-0.31822927835236214,-0.4002333897409618,-0.2387506514835032,0.9432900087174451,0.9293821581079659,0.9570293432458657,381.0,20.0
unnormalised_mse,covariance_trace,lora_esmc_vicreg,LoRA ESMC + VICReg,immrep_test,final_latent,tcr,14.81412995751439,14.81412995629768,14.372268692566202,15.255991222104393,20.0,2000,,,,,,,,,,,,,,
unnormalised_mse,covariance_trace,lora_esmc_vicreg,LoRA ESMC + VICReg,immrep_test,input,tcr,0.016650876667978983,0.016650876667978983,0.016452059818293126,0.016849693517664844,20.0,2000,,,,,,,,,,,,,,
unnormalised_mse,covariance_trace,lora_esmc_vicreg,LoRA ESMC + VICReg,immrep_test,pre_expander,tcr,2.8211412720916043,2.82114127221449,2.8154279965772435,2.826890255735309,20.0,2000,,,,,,,,,,,,,,
unnormalised_mse,covariance_trace,lora_esmc_vicreg,LoRA ESMC + VICReg,test,final_latent,tcr,30.380679496316194,29.427704190956234,28.91619445657717,31.836184111314452,313.0,2000,,,,,,,,,,,,,,
unnormalised_mse,covariance_trace,lora_esmc_vicreg,LoRA ESMC + VICReg,test,input,tcr,0.0169017633040721,0.015815196869734677,0.01612838496711484,0.01769184721258249,313.0,2000,,,,,,,,,,,,,,
unnormalised_mse,covariance_trace,lora_esmc_vicreg,LoRA ESMC + VICReg,test,pre_expander,tcr,3.919777095742996,3.830847116618603,3.8087204209202365,4.027148425934752,313.0,2000,,,,,,,,,,,,,,
unnormalised_mse,covariance_trace,lora_esmc_vicreg,LoRA ESMC + VICReg,train,final_latent,tcr,20.85082771085399,21.34985681988632,19.98741777012575,21.74113966547008,568.0,2000,,,,,,,,,,,,,,
unnormalised_mse,covariance_trace,lora_esmc_vicreg,LoRA ESMC + VICReg,train,input,tcr,0.010527073537816328,0.011550706121676307,0.009905824376752212,0.011073810852036554,568.0,2000,,,,,,,,,,,,,,
unnormalised_mse,covariance_trace,lora_esmc_vicreg,LoRA ESMC + VICReg,train,pre_expander,tcr,3.0074036495977765,2.984005483190381,2.9484081936341555,3.066671757942133,568.0,2000,,,,,,,,,,,,,,
unnormalised_mse,covariance_trace,onehot_vicreg,One-hot + VICReg,immrep_test,final_latent,tcr,52.60436736523841,52.60436736457895,52.20745202138735,53.001282708951614,20.0,2000,,,,,,,,,,,,,,
unnormalised_mse,covariance_trace,onehot_vicreg,One-hot + VICReg,immrep_test,input,tcr,0.002397732292566164,0.0023977322925661636,0.0023976810144740557,0.002397783570658272,20.0,2000,,,,,,,,,,,,,,
unnormalised_mse,covariance_trace,onehot_vicreg,One-hot + VICReg,immrep_test,pre_expander,tcr,39.43190700754672,39.43190700767639,39.24007027312457,39.62374374207671,20.0,2000,,,,,,,,,,,,,,
unnormalised_mse,covariance_trace,onehot_vicreg,One-hot + VICReg,test,final_latent,tcr,49.946221809581026,44.75962354078043,47.17195173512795,52.91720691878254,313.0,2000,,,,,,,,,,,,,,
unnormalised_mse,covariance_trace,onehot_vicreg,One-hot + VICReg,test,input,tcr,0.002330581240480663,0.0022810842424609338,0.002241078594951377,0.0024218445366983488,313.0,2000,,,,,,,,,,,,,,
unnormalised_mse,covariance_trace,onehot_vicreg,One-hot + VICReg,test,pre_expander,tcr,43.24198087911822,42.89922001219148,42.491740518624724,43.92488032349743,313.0,2000,,,,,,,,,,,,,,
unnormalised_mse,covariance_trace,onehot_vicreg,One-hot + VICReg,train,final_latent,tcr,37.667987139071336,33.06298461270087,36.11711830296508,39.32564552187954,568.0,2000,,,,,,,,,,,,,,
unnormalised_mse,covariance_trace,onehot_vicreg,One-hot + VICReg,train,input,tcr,0.0015310561651497613,0.001726945324007363,0.0014477415413523215,0.0016117523104125946,568.0,2000,,,,,,,,,,,,,,
unnormalised_mse,covariance_trace,onehot_vicreg,One-hot + VICReg,train,pre_expander,tcr,32.872079433305075,35.55479937344059,32.069548951381584,33.71870464132723,568.0,2000,,,,,,,,,,,,,,
unnormalised_mse,covariance_trace,raw_esmc_vicreg,Raw ESMC + VICReg,immrep_test,final_latent,tcr,13.698149749869184,13.698149753768778,13.20390137514076,14.192398125512703,20.0,2000,,,,,,,,,,,,,,
unnormalised_mse,covariance_trace,raw_esmc_vicreg,Raw ESMC + VICReg,immrep_test,input,tcr,0.019382948156393447,0.019382948156393444,0.019029132727618452,0.01973676358516845,20.0,2000,,,,,,,,,,,,,,
unnormalised_mse,covariance_trace,raw_esmc_vicreg,Raw ESMC + VICReg,immrep_test,pre_expander,tcr,2.216274294015694,2.216274294116487,2.2135575864956545,2.2196701781312282,20.0,2000,,,,,,,,,,,,,,
unnormalised_mse,covariance_trace,raw_esmc_vicreg,Raw ESMC + VICReg,test,final_latent,tcr,29.88531638304227,29.73418972498849,28.50751952334026,31.348793825781758,313.0,2000,,,,,,,,,,,,,,
unnormalised_mse,covariance_trace,raw_esmc_vicreg,Raw ESMC + VICReg,test,input,tcr,0.01776073846800817,0.016436217533741783,0.016910517483120294,0.01871309616383184,313.0,2000,,,,,,,,,,,,,,
unnormalised_mse,covariance_trace,raw_esmc_vicreg,Raw ESMC + VICReg,test,pre_expander,tcr,3.0167645793195814,2.9797408620605497,2.932429180761273,3.098685327241217,313.0,2000,,,,,,,,,,,,,,
unnormalised_mse,covariance_trace,raw_esmc_vicreg,Raw ESMC + VICReg,train,final_latent,tcr,20.354621827711203,20.443895667703618,19.562960988136,21.221255389297923,568.0,2000,,,,,,,,,,,,,,
unnormalised_mse,covariance_trace,raw_esmc_vicreg,Raw ESMC + VICReg,train,input,tcr,0.012582130506999894,0.013337550702567837,0.011880299931155212,0.013272636359881887,568.0,2000,,,,,,,,,,,,,,
unnormalised_mse,covariance_trace,raw_esmc_vicreg,Raw ESMC + VICReg,train,pre_expander,tcr,2.3004183059816747,2.304980706353894,2.25238579487358,2.344083024838959,568.0,2000,,,,,,,,,,,,,,
unnormalised_mse,covariance_trace,onehot_vicreg,One-hot + VICReg,comparison_immrep_vs_test,input,tcr,,,,,,2000,0.002330581240480663,0.002241078594951377,0.0024218445366983488,0.002397732292566164,0.0023976810144740557,0.002397783570658272,6.715105208550095e-05,-2.3746585277134482e-05,0.00015685395538814236,1.0288130063518626,0.9901934063563957,1.0699970009313844,313.0,20.0
unnormalised_mse,covariance_trace,onehot_vicreg,One-hot + VICReg,comparison_immrep_vs_test,pre_expander,tcr,,,,,,2000,43.24198087911822,42.491740518624724,43.92488032349743,39.43190700754672,39.24007027312457,39.62374374207671,-3.810073871571504,-4.5385316606355675,-3.0416129214196177,0.9118894695822918,0.8964037867901345,0.9283900377727429,313.0,20.0
unnormalised_mse,covariance_trace,onehot_vicreg,One-hot + VICReg,comparison_immrep_vs_test,final_latent,tcr,,,,,,2000,49.946221809581026,47.17195173512795,52.91720691878254,52.60436736523841,52.20745202138735,53.001282708951614,2.6581455556573843,-0.2850834381330943,5.508190169546835,1.0532201527833578,0.99463999299907,1.1167193216594928,313.0,20.0
unnormalised_mse,covariance_trace,raw_esmc_vicreg,Raw ESMC + VICReg,comparison_immrep_vs_test,input,tcr,,,,,,2000,0.01776073846800817,0.016910517483120294,0.01871309616383184,0.019382948156393447,0.019029132727618452,0.01973676358516845,0.0016222096883852788,0.0005973719395673912,0.002582086998618647,1.0913368377844936,1.0319651913762686,1.153283917056053,313.0,20.0
unnormalised_mse,covariance_trace,raw_esmc_vicreg,Raw ESMC + VICReg,comparison_immrep_vs_test,pre_expander,tcr,,,,,,2000,3.0167645793195814,2.932429180761273,3.098685327241217,2.216274294015694,2.2135575864956545,2.2196701781312282,-0.8004902853038875,-0.8792844792400373,-0.7151641026037514,0.7346527167577541,0.7158266479252102,0.7560129528787543,313.0,20.0
unnormalised_mse,covariance_trace,raw_esmc_vicreg,Raw ESMC + VICReg,comparison_immrep_vs_test,final_latent,tcr,,,,,,2000,29.88531638304227,28.50751952334026,31.348793825781758,13.698149749869184,13.20390137514076,14.192398125512703,-16.187166633173085,-17.780305583646978,-14.656946169794132,0.458357193690005,0.4314190705667441,0.48794341191648444,313.0,20.0
unnormalised_mse,covariance_trace,lora_esmc_vicreg,LoRA ESMC + VICReg,comparison_immrep_vs_test,input,tcr,,,,,,2000,0.0169017633040721,0.01612838496711484,0.01769184721258249,0.016650876667978983,0.016452059818293126,0.016849693517664844,-0.0002508866360931179,-0.001047828093904927,0.0005131767429775398,0.9851561856843261,0.9406265461596715,1.031512404669263,313.0,20.0
unnormalised_mse,covariance_trace,lora_esmc_vicreg,LoRA ESMC + VICReg,comparison_immrep_vs_test,pre_expander,tcr,,,,,,2000,3.919777095742996,3.8087204209202365,4.027148425934752,2.8211412720916043,2.8154279965772435,2.826890255735309,-1.0986358236513918,-1.2099861194951846,-0.9914558218938709,0.7197198216080843,0.6997184076340656,0.7399714786416516,313.0,20.0
unnormalised_mse,covariance_trace,lora_esmc_vicreg,LoRA ESMC + VICReg,comparison_immrep_vs_test,final_latent,tcr,,,,,,2000,30.380679496316194,28.91619445657717,31.836184111314452,14.81412995751439,14.372268692566202,15.255991222104393,-15.566549538801803,-17.20820494236065,-14.085504803890483,0.4876168078897207,0.45903825344255633,0.5157808726498402,313.0,20.0
unnormalised_mse,mean_var_per_dim,lora_esmc_vicreg,LoRA ESMC + VICReg,immrep_test,final_latent,tcr,0.05786769514654059,0.057867695141787814,0.056141674576109135,0.059593715714591274,20.0,2000,,,,,,,,,,,,,,
unnormalised_mse,mean_var_per_dim,lora_esmc_vicreg,LoRA ESMC + VICReg,immrep_test,input,tcr,1.734466319581144e-05,1.734466319581144e-05,1.7137562310722005e-05,1.755176408090088e-05,20.0,2000,,,,,,,,,,,,,,
unnormalised_mse,mean_var_per_dim,lora_esmc_vicreg,LoRA ESMC + VICReg,immrep_test,pre_expander,tcr,0.011020083094107829,0.011020083094587851,0.010992186242816752,0.011042400576179886,20.0,2000,,,,,,,,,,,,,,
unnormalised_mse,mean_var_per_dim,lora_esmc_vicreg,LoRA ESMC + VICReg,test,final_latent,tcr,0.11867452928248513,0.11495196949592279,0.11300879021994713,0.12433388034246796,313.0,2000,,,,,,,,,,,,,,
unnormalised_mse,mean_var_per_dim,lora_esmc_vicreg,LoRA ESMC + VICReg,test,input,tcr,1.7606003441741772e-05,1.6474163405973623e-05,1.6861130048624085e-05,1.843552912441923e-05,313.0,2000,,,,,,,,,,,,,,
unnormalised_mse,mean_var_per_dim,lora_esmc_vicreg,LoRA ESMC + VICReg,test,pre_expander,tcr,0.015311629280246078,0.014964246549291418,0.014868914628343215,0.015758621326527295,313.0,2000,,,,,,,,,,,,,,
unnormalised_mse,mean_var_per_dim,lora_esmc_vicreg,LoRA ESMC + VICReg,train,final_latent,tcr,0.0814485457455234,0.08339787820268094,0.0781976664946892,0.08450909146609763,568.0,2000,,,,,,,,,,,,,,
unnormalised_mse,mean_var_per_dim,lora_esmc_vicreg,LoRA ESMC + VICReg,train,input,tcr,1.0965701601892007e-05,1.203198554341282e-05,1.039454418873269e-05,1.1595023739028557e-05,568.0,2000,,,,,,,,,,,,,,
unnormalised_mse,mean_var_per_dim,lora_esmc_vicreg,LoRA ESMC + VICReg,train,pre_expander,tcr,0.011747670506241314,0.011656271418712425,0.011522546518227716,0.011976621126644637,568.0,2000,,,,,,,,,,,,,,
unnormalised_mse,mean_var_per_dim,onehot_vicreg,One-hot + VICReg,immrep_test,final_latent,tcr,0.20548581002046254,0.20548581001788652,0.20393535945900143,0.20703626058191482,20.0,2000,,,,,,,,,,,,,,
unnormalised_mse,mean_var_per_dim,onehot_vicreg,One-hot + VICReg,immrep_test,input,tcr,0.00010898783148028017,0.00010898783148028017,0.00010898550065791161,0.00010899016230264875,20.0,2000,,,,,,,,,,,,,,
unnormalised_mse,mean_var_per_dim,onehot_vicreg,One-hot + VICReg,immrep_test,pre_expander,tcr,0.15403088674822937,0.15403088674873588,0.15328152450427124,0.15478024899166776,20.0,2000,,,,,,,,,,,,,,
unnormalised_mse,mean_var_per_dim,onehot_vicreg,One-hot + VICReg,test,final_latent,tcr,0.19510242894367588,0.17484227945617356,0.18311668752941687,0.20676827651665983,313.0,2000,,,,,,,,,,,,,,
unnormalised_mse,mean_var_per_dim,onehot_vicreg,One-hot + VICReg,test,input,tcr,0.00010593551093093925,0.00010368564738458788,0.00010210626082741368,0.0001100773965237276,313.0,2000,,,,,,,,,,,,,,
unnormalised_mse,mean_var_per_dim,onehot_vicreg,One-hot + VICReg,test,pre_expander,tcr,0.16891398780905556,0.16757507817262296,0.16609586350713554,0.17172608522807264,313.0,2000,,,,,,,,,,,,,,
unnormalised_mse,mean_var_per_dim,onehot_vicreg,One-hot + VICReg,train,final_latent,tcr,0.1471405747619974,0.1291522836433628,0.1411489050530051,0.15335763521825924,568.0,2000,,,,,,,,,,,,,,
unnormalised_mse,mean_var_per_dim,onehot_vicreg,One-hot + VICReg,train,input,tcr,6.959346205226189e-05,7.849751472760742e-05,6.587760636011633e-05,7.310807848258315e-05,568.0,2000,,,,,,,,,,,,,,
unnormalised_mse,mean_var_per_dim,onehot_vicreg,One-hot + VICReg,train,pre_expander,tcr,0.12840656028634795,0.1388859350525023,0.12528736851576264,0.13163521368698916,568.0,2000,,,,,,,,,,,,,,
unnormalised_mse,mean_var_per_dim,raw_esmc_vicreg,Raw ESMC + VICReg,immrep_test,final_latent,tcr,0.0535083974604265,0.05350839747565929,0.051577739746082596,0.05543905517028672,20.0,2000,,,,,,,,,,,,,,
unnormalised_mse,mean_var_per_dim,raw_esmc_vicreg,Raw ESMC + VICReg,immrep_test,input,tcr,2.019057099624317e-05,2.0190570996243172e-05,1.982201325793588e-05,2.0651268169127278e-05,20.0,2000,,,,,,,,,,,,,,
unnormalised_mse,mean_var_per_dim,raw_esmc_vicreg,Raw ESMC + VICReg,immrep_test,pre_expander,tcr,0.008657321460998804,0.008657321461392527,0.008646709322381069,0.00867058663314787,20.0,2000,,,,,,,,,,,,,,
unnormalised_mse,mean_var_per_dim,raw_esmc_vicreg,Raw ESMC + VICReg,test,final_latent,tcr,0.11673951712125887,0.11614917861323629,0.11089499187678167,0.12204511774515814,313.0,2000,,,,,,,,,,,,,,
unnormalised_mse,mean_var_per_dim,raw_esmc_vicreg,Raw ESMC + VICReg,test,input,tcr,1.8500769237508512e-05,1.7121059930981023e-05,1.7612892728855686e-05,1.943441785274208e-05,313.0,2000,,,,,,,,,,,,,,
unnormalised_mse,mean_var_per_dim,raw_esmc_vicreg,Raw ESMC + VICReg,test,pre_expander,tcr,0.011784236637967115,0.011639612742424022,0.011466040714245073,0.012115564214952525,313.0,2000,,,,,,,,,,,,,,
unnormalised_mse,mean_var_per_dim,raw_esmc_vicreg,Raw ESMC + VICReg,train,final_latent,tcr,0.07951024151449688,0.07985896745196726,0.07631085612380778,0.08285355605749906,568.0,2000,,,,,,,,,,,,,,
unnormalised_mse,mean_var_per_dim,raw_esmc_vicreg,Raw ESMC + VICReg,train,input,tcr,1.3106385944791557e-05,1.38932819818415e-05,1.2311665419805536e-05,1.3821750986721728e-05,568.0,2000,,,,,,,,,,,,,,
unnormalised_mse,mean_var_per_dim,raw_esmc_vicreg,Raw ESMC + VICReg,train,pre_expander,tcr,0.008986009007740917,0.009003830884194899,0.008799700123139874,0.009167086338778095,568.0,2000,,,,,,,,,,,,,,
unnormalised_mse,mean_var_per_dim,onehot_vicreg,One-hot + VICReg,comparison_immrep_vs_test,input,tcr,,,,,,2000,0.00010593551093093925,0.00010210626082741368,0.0001100773965237276,0.00010898783148028017,0.00010898550065791161,0.00010899016230264875,3.05232054934092e-06,-1.0739301091304097e-06,7.039477263645265e-06,1.0288130063518621,0.9902423733503897,1.0690483115426832,313.0,20.0
unnormalised_mse,mean_var_per_dim,onehot_vicreg,One-hot + VICReg,comparison_immrep_vs_test,pre_expander,tcr,,,,,,2000,0.16891398780905556,0.16609586350713554,0.17172608522807264,0.15403088674822937,0.15328152450427124,0.15478024899166776,-0.014883101060826187,-0.017864534100522248,-0.011913060157272854,0.9118894695822918,0.8958798889096027,0.9283791880760508,313.0,20.0
unnormalised_mse,mean_var_per_dim,onehot_vicreg,One-hot + VICReg,comparison_immrep_vs_test,final_latent,tcr,,,,,,2000,0.19510242894367588,0.18311668752941687,0.20676827651665983,0.20548581002046254,0.20393535945900143,0.20703626058191482,0.010383381076786657,-0.0015550999367055424,0.02137903497751259,1.0532201527833578,0.9924892764285032,1.1155498491001985,313.0,20.0
unnormalised_mse,mean_var_per_dim,raw_esmc_vicreg,Raw ESMC + VICReg,comparison_immrep_vs_test,input,tcr,,,,,,2000,1.8500769237508512e-05,1.7612892728855686e-05,1.943441785274208e-05,2.019057099624317e-05,1.982201325793588e-05,2.0651268169127278e-05,1.6898017587346564e-06,6.574573659002511e-07,2.69507799792601e-06,1.0913368377844932,1.033898168742832,1.1525390358134413,313.0,20.0
unnormalised_mse,mean_var_per_dim,raw_esmc_vicreg,Raw ESMC + VICReg,comparison_immrep_vs_test,pre_expander,tcr,,,,,,2000,0.011784236637967115,0.011466040714245073,0.012115564214952525,0.008657321460998804,0.008646709322381069,0.00867058663314787,-0.0031269151769683107,-0.00346776833220637,-0.002801207827902958,0.7346527167577541,0.7139380141733742,0.7555364553733529,313.0,20.0
unnormalised_mse,mean_var_per_dim,raw_esmc_vicreg,Raw ESMC + VICReg,comparison_immrep_vs_test,final_latent,tcr,,,,,,2000,0.11673951712125887,0.11089499187678167,0.12204511774515814,0.0535083974604265,0.051577739746082596,0.05543905517028672,-0.06323111966083236,-0.06929844162967108,-0.05759080061091571,0.458357193690005,0.43020703944387073,0.48671767188881127,313.0,20.0
unnormalised_mse,mean_var_per_dim,lora_esmc_vicreg,LoRA ESMC + VICReg,comparison_immrep_vs_test,input,tcr,,,,,,2000,1.7606003441741772e-05,1.6861130048624085e-05,1.843552912441923e-05,1.734466319581144e-05,1.7137562310722005e-05,1.755176408090088e-05,-2.613402459303307e-07,-1.1140575133754433e-06,5.396607452645184e-07,0.9851561856843261,0.9390739597140849,1.0320815993377577,313.0,20.0
unnormalised_mse,mean_var_per_dim,lora_esmc_vicreg,LoRA ESMC + VICReg,comparison_immrep_vs_test,pre_expander,tcr,,,,,,2000,0.015311629280246078,0.014868914628343215,0.015758621326527295,0.011020083094107829,0.010992186242816752,0.011042400576179886,-0.004291546186138249,-0.004713843638619464,-0.0038554296032481056,0.7197198216080843,0.7003939778552423,0.7410026164380721,313.0,20.0
unnormalised_mse,mean_var_per_dim,lora_esmc_vicreg,LoRA ESMC + VICReg,comparison_immrep_vs_test,final_latent,tcr,,,,,,2000,0.11867452928248513,0.11300879021994713,0.12433388034246796,0.05786769514654059,0.056141674576109135,0.059593715714591274,-0.060806834135944544,-0.06707396613947689,-0.055080073401328276,0.4876168078897207,0.4599273874321999,0.5160381647209622,313.0,20.0
