seed,split,model_name,k,purity_mean,purity_std,random_purity_expected,purity_enrichment,entropy_mean,entropy_std
31,immrep_test,onehot_composition,5,0.1604,0.2275782063379532,0.04809619238476955,3.3349833333333323,1.2921679955091905,0.32324361378357563
31,immrep_test,onehot_composition,10,0.1324,0.16428706583294986,0.04809619238476955,2.7528166666666656,1.7926932196156027,0.29740651171466703
31,immrep_test,onehot_composition,20,0.10610000000000001,0.11094047953745288,0.04809619238476955,2.205995833333333,2.21578193492814,0.24251080479987017
37,immrep_test,onehot_composition,5,0.184,0.26484712571594965,0.04809619238476955,3.8256666666666654,1.2334706161689737,0.3941275771041809
37,immrep_test,onehot_composition,10,0.1464,0.18035254364715791,0.04809619238476955,3.0438999999999994,1.7546407637964176,0.3284113318184258
37,immrep_test,onehot_composition,20,0.1157,0.12098971030629008,0.04809619238476955,2.4055958333333325,2.1882889657659397,0.26431816598068647
43,immrep_test,onehot_composition,5,0.18239999999999998,0.2530024505810171,0.04809619238476955,3.7923999999999984,1.256246896814237,0.38787315938839484
43,immrep_test,onehot_composition,10,0.15380000000000002,0.18581054867794777,0.04809619238476955,3.197758333333333,1.7435971805371728,0.36637063941204323
43,immrep_test,onehot_composition,20,0.12240000000000001,0.12640506318973146,0.04809619238476955,2.5448999999999993,2.1738712464012715,0.27465744470005143
49,immrep_test,onehot_composition,5,0.16519999999999999,0.2219661235414089,0.04809619238476955,3.434783333333332,1.267042772074012,0.32680390656324615
49,immrep_test,onehot_composition,10,0.139,0.15119193100162456,0.04809619238476955,2.890041666666666,1.7721087419951755,0.2946456721961775
49,immrep_test,onehot_composition,20,0.11180000000000001,0.10257075606623946,0.04809619238476955,2.3245083333333327,2.198628204739669,0.24825139452076603
55,immrep_test,onehot_composition,5,0.1748,0.25060917780480424,0.04809619238476955,3.6343833333333326,1.235235238018012,0.38953003224990385
55,immrep_test,onehot_composition,10,0.1484,0.19083354002900016,0.04809619238476955,3.0854833333333325,1.7301883766113524,0.363398490431389
55,immrep_test,onehot_composition,20,0.11910000000000001,0.12482063130748859,0.04809619238476955,2.4762874999999998,2.1663143786643837,0.26965536258146444
31,immrep_test,pretrained_esmc_meanpool,5,0.18,0.23949947807876326,0.04809619238476955,3.742499999999999,1.227985863317055,0.35588627524909894
31,immrep_test,pretrained_esmc_meanpool,10,0.14840000000000003,0.1873431076928105,0.04809619238476955,3.0854833333333334,1.7158742510123492,0.3575746060108732
31,immrep_test,pretrained_esmc_meanpool,20,0.12200000000000001,0.13155227098001768,0.04809619238476955,2.5365833333333327,2.1239302629039827,0.31443343229672754
37,immrep_test,pretrained_esmc_meanpool,5,0.1968,0.2847977528001231,0.04809619238476955,4.091799999999999,1.1800357349876458,0.4384225900145913
37,immrep_test,pretrained_esmc_meanpool,10,0.16260000000000002,0.22212888150801102,0.04809619238476955,3.3807249999999995,1.6506667724098911,0.4213999519375843
37,immrep_test,pretrained_esmc_meanpool,20,0.12890000000000001,0.1500326297843239,0.04809619238476955,2.680045833333333,2.0923007402747587,0.3159487111876661
43,immrep_test,pretrained_esmc_meanpool,5,0.20360000000000003,0.2746398368773183,0.04809619238476955,4.233183333333333,1.185268429950093,0.41263976072379455
43,immrep_test,pretrained_esmc_meanpool,10,0.17060000000000003,0.21706137380934454,0.04809619238476955,3.5470583333333328,1.6592694531432672,0.42279802297595653
43,immrep_test,pretrained_esmc_meanpool,20,0.13740000000000002,0.14778782087844722,0.04809619238476955,2.856775,2.0896755304988526,0.3397747847097127
49,immrep_test,pretrained_esmc_meanpool,5,0.184,0.2411306699696246,0.04809619238476955,3.8256666666666654,1.2111205051646772,0.3790296645395504
49,immrep_test,pretrained_esmc_meanpool,10,0.1526,0.17508066712232964,0.04809619238476955,3.172808333333333,1.7066061378268695,0.3634716647990774
49,immrep_test,pretrained_esmc_meanpool,20,0.122,0.1163872845288522,0.04809619238476955,2.5365833333333327,2.126009310253354,0.2960735324730053
55,immrep_test,pretrained_esmc_meanpool,5,0.18760000000000002,0.27350729423545544,0.04809619238476955,3.900516666666666,1.174689211549005,0.4302350384966461
55,immrep_test,pretrained_esmc_meanpool,10,0.16140000000000004,0.21663342309071332,0.04809619238476955,3.355775,1.6556652097899085,0.43254346934153387
55,immrep_test,pretrained_esmc_meanpool,20,0.12830000000000003,0.14496244341207828,0.04809619238476955,2.667570833333333,2.094946517132542,0.33101002129103124
31,immrep_test,finetuned_esmc_meanpool,5,0.164,0.234571950582332,0.04809619238476955,3.4098333333333324,1.2602598019373317,0.34133979064509434
31,immrep_test,finetuned_esmc_meanpool,10,0.1412,0.18757014687844117,0.04809619238476955,2.9357833333333323,1.7448593389485614,0.3841209635847959
31,immrep_test,finetuned_esmc_meanpool,20,0.11090000000000001,0.12683134470626733,0.04809619238476955,2.305795833333333,2.1789826139527086,0.2969172752710079
37,immrep_test,finetuned_esmc_meanpool,5,0.194,0.27225723130892227,0.04809619238476955,4.033583333333333,1.1980029666027903,0.42712833130627886
37,immrep_test,finetuned_esmc_meanpool,10,0.1502,0.20322391591542566,0.04809619238476955,3.1229083333333323,1.703829793824353,0.38604418066780644
37,immrep_test,finetuned_esmc_meanpool,20,0.1179,0.13459045285606255,0.04809619238476955,2.4513374999999993,2.148914665820035,0.2808168404511287
43,immrep_test,finetuned_esmc_meanpool,5,0.1856,0.26006276165572034,0.04809619238476955,3.858933333333332,1.2021891652777108,0.4001828641686838
43,immrep_test,finetuned_esmc_meanpool,10,0.159,0.20034719863277348,0.04809619238476955,3.305874999999999,1.6751675187283976,0.3871763670038294
43,immrep_test,finetuned_esmc_meanpool,20,0.1308,0.14248284107217962,0.04809619238476955,2.719549999999999,2.103356759583249,0.31639226991773206
49,immrep_test,finetuned_esmc_meanpool,5,0.1712,0.22797052441050358,0.04809619238476955,3.559533333333332,1.2528586197629543,0.3282024171743054
49,immrep_test,finetuned_esmc_meanpool,10,0.138,0.16110865898517063,0.04809619238476955,2.8692499999999996,1.7522796651578787,0.3206657277529703
49,immrep_test,finetuned_esmc_meanpool,20,0.11580000000000001,0.11636305255535366,0.04809619238476955,2.407675,2.1564976722507017,0.30100363137489256
55,immrep_test,finetuned_esmc_meanpool,5,0.1852,0.26717215423767504,0.04809619238476955,3.8506166666666655,1.1964538465204992,0.41580251963440057
55,immrep_test,finetuned_esmc_meanpool,10,0.1608,0.21527507983972508,0.04809619238476955,3.343299999999999,1.6498212369539669,0.4429675466907299
55,immrep_test,finetuned_esmc_meanpool,20,0.1298,0.13982832331112321,0.04809619238476955,2.6987583333333327,2.090753078336248,0.33944892000394056
31,immrep_test,onehot_vicreg,5,0.13119999999999998,0.21518959082632227,0.04809619238476955,2.7278666666666656,1.3131674448619988,0.34124374477309694
31,immrep_test,onehot_vicreg,10,0.122,0.1773020022447575,0.04809619238476955,2.5365833333333327,1.7827228249198392,0.39108255865765174
31,immrep_test,onehot_vicreg,20,0.10180000000000002,0.12635964545692585,0.04809619238476955,2.1165916666666664,2.2276481131816244,0.3528642732648824
37,immrep_test,onehot_vicreg,5,0.1352,0.1995017794406857,0.04809619238476955,2.811033333333332,1.3148288834865165,0.2848999183172959
37,immrep_test,onehot_vicreg,10,0.1196,0.15249865573178015,0.04809619238476955,2.4866833333333327,1.8040612886734018,0.30340328053903304
37,immrep_test,onehot_vicreg,20,0.10410000000000001,0.11953321714067601,0.04809619238476955,2.1644124999999996,2.208477913041199,0.30682430731188287
43,immrep_test,onehot_vicreg,5,0.16040000000000001,0.22367798282352247,0.04809619238476955,3.3349833333333327,1.288176985564311,0.34084170756982274
43,immrep_test,onehot_vicreg,10,0.132,0.16557777628655362,0.04809619238476955,2.7444999999999995,1.7943633483541852,0.3250015883156428
43,immrep_test,onehot_vicreg,20,0.10860000000000002,0.12056550086985912,0.04809619238476955,2.2579749999999996,2.1933383587459074,0.33364081338542667
49,immrep_test,onehot_vicreg,5,0.1232,0.17487641350393712,0.04809619238476955,2.5615333333333328,1.3402741605296802,0.283027694380558
49,immrep_test,onehot_vicreg,10,0.1114,0.1296535383242586,0.04809619238476955,2.316191666666666,1.833879468675464,0.29835352725129205
49,immrep_test,onehot_vicreg,20,0.09720000000000001,0.10070829161494102,0.04809619238476955,2.0209499999999996,2.248604476120146,0.31103055404300817
55,immrep_test,onehot_vicreg,5,0.164,0.25168233946783,0.04809619238476955,3.4098333333333324,1.2513030836465981,0.3905959875410387
55,immrep_test,onehot_vicreg,10,0.1318,0.1839803250350428,0.04809619238476955,2.740341666666666,1.7574935751715526,0.36038458245810445
55,immrep_test,onehot_vicreg,20,0.1129,0.13456816116749162,0.04809619238476955,2.347379166666666,2.176846437666945,0.32764924100076637
31,immrep_test,raw_esmc_vicreg,5,0.0972,0.15307566756346352,0.04809619238476955,2.020949999999999,1.4032847180315444,0.23219241680333877
31,immrep_test,raw_esmc_vicreg,10,0.0854,0.10605111974892108,0.04809619238476955,1.775608333333333,1.8977122222445524,0.24125036636562516
31,immrep_test,raw_esmc_vicreg,20,0.07510000000000003,0.07971819114857034,0.04809619238476955,1.5614541666666668,2.333046208335375,0.21838115456900425
37,immrep_test,raw_esmc_vicreg,5,0.094,0.1529836592581051,0.04809619238476955,1.954416666666666,1.3970105741988692,0.25491091927074383
37,immrep_test,raw_esmc_vicreg,10,0.09020000000000002,0.12117739063043073,0.04809619238476955,1.8754083333333331,1.8920977484283488,0.2607733583121051
37,immrep_test,raw_esmc_vicreg,20,0.082,0.09190212184710428,0.04809619238476955,1.7049166666666662,2.3149079516428492,0.23354638461154803
43,immrep_test,raw_esmc_vicreg,5,0.1008,0.16024780809733405,0.04809619238476955,2.095799999999999,1.37556483774344,0.2549094804822205
43,immrep_test,raw_esmc_vicreg,10,0.0862,0.11273668435784336,0.04809619238476955,1.792241666666666,1.8960101395969031,0.23398936570423787
43,immrep_test,raw_esmc_vicreg,20,0.0835,0.08861574352224327,0.04809619238476955,1.7361041666666663,2.2950093461662964,0.22107406586979256
49,immrep_test,raw_esmc_vicreg,5,0.0912,0.16000799980001,0.04809619238476955,1.8961999999999994,1.3907292683400747,0.24799628586929406
49,immrep_test,raw_esmc_vicreg,10,0.08780000000000002,0.12128957086246121,0.04809619238476955,1.8255083333333333,1.8848950157099034,0.24972350006228475
49,immrep_test,raw_esmc_vicreg,20,0.08280000000000001,0.09313517058555269,0.04809619238476955,1.7215499999999997,2.2887217451017148,0.23035784287608882
55,immrep_test,raw_esmc_vicreg,5,0.1204,0.18542880035204887,0.04809619238476955,2.5033166666666657,1.3579670299772966,0.2642422544830768
55,immrep_test,raw_esmc_vicreg,10,0.1012,0.1227947881630161,0.04809619238476955,2.104116666666666,1.843049340868372,0.23776440625427564
55,immrep_test,raw_esmc_vicreg,20,0.09090000000000001,0.09264011010356152,0.04809619238476955,1.8899624999999995,2.2628218343436934,0.20448623862553736
31,immrep_test,finetuned_esmc_vicreg,5,0.0976,0.16221664526182264,0.04809619238476955,2.029266666666666,1.3837923761211497,0.24894599634368972
31,immrep_test,finetuned_esmc_vicreg,10,0.09220000000000002,0.12032938128320948,0.04809619238476955,1.9169916666666664,1.8970048397222572,0.22164015210084168
31,immrep_test,finetuned_esmc_vicreg,20,0.08280000000000001,0.08685712406014834,0.04809619238476955,1.7215499999999997,2.3091720559146185,0.2029715668793202
37,immrep_test,finetuned_esmc_vicreg,5,0.09920000000000001,0.15874306284055376,0.04809619238476955,2.062533333333333,1.4048291997963522,0.2392522679288422
37,immrep_test,finetuned_esmc_vicreg,10,0.0852,0.11144936069803182,0.04809619238476955,1.7714499999999995,1.9118415839011746,0.2395754650291061
37,immrep_test,finetuned_esmc_vicreg,20,0.0758,0.07709967574510285,0.04809619238476955,1.576008333333333,2.3299374703450804,0.20844585707471708
43,immrep_test,finetuned_esmc_vicreg,5,0.10880000000000001,0.179784760199523,0.04809619238476955,2.262133333333333,1.3820457571249554,0.2731778496277179
43,immrep_test,finetuned_esmc_vicreg,10,0.09720000000000001,0.13338725576306004,0.04809619238476955,2.0209499999999996,1.8891060982342252,0.263935379707244
43,immrep_test,finetuned_esmc_vicreg,20,0.0865,0.09748204962966259,0.04809619238476955,1.798479166666666,2.3078630082333382,0.23676517746465423
49,immrep_test,finetuned_esmc_vicreg,5,0.11719999999999998,0.17281249954792044,0.04809619238476955,2.436783333333332,1.367520065127535,0.2720397609902886
49,immrep_test,finetuned_esmc_vicreg,10,0.09819999999999998,0.1324264324068273,0.04809619238476955,2.041741666666666,1.8589361991426314,0.2744229636027059
49,immrep_test,finetuned_esmc_vicreg,20,0.0878,0.0981894087974869,0.04809619238476955,1.8255083333333328,2.273798171177349,0.24725705739412854
55,immrep_test,finetuned_esmc_vicreg,5,0.11359999999999999,0.18733670222356325,0.04809619238476955,2.3619333333333326,1.3528656159268138,0.28609899240995046
55,immrep_test,finetuned_esmc_vicreg,10,0.102,0.1351887569289695,0.04809619238476955,2.1207499999999992,1.8794664927877187,0.2696869623315293
55,immrep_test,finetuned_esmc_vicreg,20,0.0866,0.09316887892424165,0.04809619238476955,1.8005583333333328,2.3053668335225157,0.20848471439223293
31,test,onehot_composition,5,0.15035714285714286,0.24560395155698975,0.033931765908510096,4.431161739785351,1.3226501624390883,0.3722152914997281
31,test,onehot_composition,10,0.10803571428571429,0.1492471541109045,0.033931765908510096,3.1839107512709472,1.9116248641030527,0.28545003124224033
31,test,onehot_composition,20,0.07955357142857142,0.09188879529915826,0.033931765908510096,2.3445160986631515,2.420226116476871,0.20720463122350374
37,test,onehot_composition,5,0.15178571428571427,0.24443160848075646,0.033931765908510096,4.47326303897571,1.3013295252739754,0.3689667558010394
37,test,onehot_composition,10,0.11142857142857143,0.15415007264986672,0.033931765908510096,3.283901336848051,1.8812933660986533,0.2964098413307586
37,test,onehot_composition,20,0.08232142857142857,0.09180707783616864,0.033931765908510096,2.4260873658444737,2.3919385851800095,0.22637847926428684
43,test,onehot_composition,5,0.1475,0.23458359764850203,0.033931765908510096,4.346959141404631,1.337936188198326,0.35282765445343534
43,test,onehot_composition,10,0.10178571428571428,0.13860410145004914,0.033931765908510096,2.9997175673131236,1.9299867826823012,0.2612650482121462
43,test,onehot_composition,20,0.07544642857142857,0.08629153650827631,0.033931765908510096,2.2234748634908676,2.4305841262187884,0.218302333955021
49,test,onehot_composition,5,0.14392857142857143,0.23406103120026328,0.03393176590851009,4.241705893428733,1.3269783574787828,0.357466144842666
49,test,onehot_composition,10,0.10482142857142858,0.1461223933096177,0.03393176590851009,3.0891828280926386,1.9079756338301601,0.28905203654386885
49,test,onehot_composition,20,0.07660714285714287,0.08766365890057712,0.03393176590851009,2.257682169083036,2.4172528277715895,0.21675118918896824
55,test,onehot_composition,5,0.14892857142857144,0.24443578306135197,0.03393176590851009,4.389060440594992,1.3300680913961562,0.3711630892322976
55,test,onehot_composition,10,0.10821428571428572,0.14809633861174315,0.03393176590851009,3.1891734136697427,1.9057532479649804,0.2661836588575906
55,test,onehot_composition,20,0.07821428571428572,0.0873132117080543,0.03393176590851009,2.3050461306721903,2.420182347609144,0.20728787977022603
31,test,pretrained_esmc_meanpool,5,0.15678571428571428,0.24419771806919915,0.033931765908510096,4.620617586141969,1.296393516627935,0.3794185458750877
31,test,pretrained_esmc_meanpool,10,0.11196428571428571,0.14778023793623352,0.033931765908510096,3.2996893240444356,1.8758202548483829,0.29175758060320955
31,test,pretrained_esmc_meanpool,20,0.08285714285714287,0.08793695561744963,0.033931765908510096,2.441875353040859,2.377949801588776,0.2017871777698938
37,test,pretrained_esmc_meanpool,5,0.15035714285714286,0.22967340387815824,0.033931765908510096,4.431161739785351,1.3098365523019055,0.35702094032663356
37,test,pretrained_esmc_meanpool,10,0.10892857142857143,0.13690036224814553,0.033931765908510096,3.210224063264922,1.888603066162814,0.25115936110369413
37,test,pretrained_esmc_meanpool,20,0.07937499999999999,0.08066997638084267,0.033931765908510096,2.3392534362643564,2.385991933721464,0.17572173177563752
43,test,pretrained_esmc_meanpool,5,0.14857142857142858,0.2300576680144457,0.033931765908510096,4.378535115797401,1.334429656366567,0.3429370921825737
43,test,pretrained_esmc_meanpool,10,0.10428571428571429,0.1368635548751428,0.033931765908510096,3.073394840896253,1.8974768646551878,0.26218041079437504
43,test,pretrained_esmc_meanpool,20,0.07696428571428572,0.08175354170696615,0.033931765908510096,2.268207493880625,2.404083288199206,0.18603767127896007
49,test,pretrained_esmc_meanpool,5,0.14928571428571427,0.23114510858871704,0.03393176590851009,4.399585765392581,1.3176271986010057,0.3578770330086921
49,test,pretrained_esmc_meanpool,10,0.10678571428571428,0.14113199423206052,0.03393176590851009,3.1470721144793825,1.8926025655686527,0.28087636654647463
49,test,pretrained_esmc_meanpool,20,0.08008928571428572,0.0842031507693732,0.03393176590851009,2.3603040858595374,2.390617688559824,0.1988327459547309
55,test,pretrained_esmc_meanpool,5,0.15750000000000003,0.24256258397134783,0.03393176590851009,4.641668235737151,1.3001835572983846,0.3812096536531222
55,test,pretrained_esmc_meanpool,10,0.11446428571428573,0.14876178996322015,0.03393176590851009,3.3733665976275664,1.85898096507226,0.2797294470382776
55,test,pretrained_esmc_meanpool,20,0.08410714285714285,0.08862595527823433,0.03393176590851009,2.4787139898324235,2.3644141499072546,0.18822429183905318
31,test,finetuned_esmc_meanpool,5,0.16321428571428573,0.2580220584621812,0.033931765908510096,4.810073432498588,1.2623557292066734,0.41251676312876
31,test,finetuned_esmc_meanpool,10,0.11535714285714285,0.16435984352409597,0.033931765908510096,3.3996799096215398,1.8484429878320499,0.3341610323232164
31,test,finetuned_esmc_meanpool,20,0.0907142857142857,0.113284678431582,0.033931765908510096,2.6734324985878364,2.3606664858847304,0.2643286208932213
37,test,finetuned_esmc_meanpool,5,0.15392857142857141,0.24716737079087414,0.033931765908510096,4.536414987761249,1.2872022568226928,0.3950153535917849
37,test,finetuned_esmc_meanpool,10,0.11303571428571431,0.15808473815892382,0.033931765908510096,3.331265298437206,1.8542089490011253,0.3171808530658403
37,test,finetuned_esmc_meanpool,20,0.08812500000000001,0.10932856157015879,0.033931765908510096,2.59712389380531,2.353885383702284,0.2565481458478199
43,test,finetuned_esmc_meanpool,5,0.16035714285714286,0.24538573341428246,0.033931765908510096,4.725870834117869,1.2893524463678088,0.3862027859523724
43,test,finetuned_esmc_meanpool,10,0.11107142857142856,0.15336323096572038,0.033931765908510096,3.273376012050461,1.875671455315421,0.2813847239644001
43,test,finetuned_esmc_meanpool,20,0.08375,0.0982628126869105,0.033931765908510096,2.4681886650348335,2.372607359361919,0.2301341193382806
49,test,finetuned_esmc_meanpool,5,0.15142857142857144,0.23527665001188774,0.03393176590851009,4.462737714178122,1.2906605667272255,0.38047901555334346
49,test,finetuned_esmc_meanpool,10,0.11071428571428571,0.15257149545209878,0.03393176590851009,3.2628506872528718,1.8639547767888425,0.2995951946499939
49,test,finetuned_esmc_meanpool,20,0.08357142857142857,0.0967679214008697,0.03393176590851009,2.462926002636039,2.378234923251273,0.22989046825920753
55,test,finetuned_esmc_meanpool,5,0.16607142857142856,0.2559134798787932,0.03393176590851009,4.894276030879308,1.2736873086003413,0.4016579967648336
55,test,finetuned_esmc_meanpool,10,0.12000000000000001,0.16890403023187883,0.03393176590851009,3.53650913199021,1.8477043827752424,0.32710469042136897
55,test,finetuned_esmc_meanpool,20,0.09178571428571429,0.1113810567193469,0.03393176590851009,2.705008472980607,2.359336203869415,0.25195539743136064
31,test,onehot_vicreg,5,0.2275,0.31582233929853665,0.033931765908510096,6.704631896064771,1.1679306501385782,0.4890878619984889
31,test,onehot_vicreg,10,0.2005357142857143,0.27571284002211655,0.033931765908510096,5.909969873846733,1.6460494104715788,0.5545761885850563
31,test,onehot_vicreg,20,0.16125000000000003,0.20292118895909178,0.033931765908510096,4.752184146111844,2.132647056395408,0.4701282964259948
37,test,onehot_vicreg,5,0.22071428571428572,0.3028428231116004,0.033931765908510096,6.504650724910563,1.192055798959352,0.4669744396556092
37,test,onehot_vicreg,10,0.19071428571428573,0.2616967788904415,0.033931765908510096,5.620523441913011,1.6673083913625515,0.529560786299139
37,test,onehot_vicreg,20,0.1561607142857143,0.20222532312689107,0.033931765908510096,4.6021982677461875,2.110383653124267,0.509006899906649
43,test,onehot_vicreg,5,0.22857142857142856,0.3137983233784114,0.033931765908510096,6.73620787045754,1.163664862958276,0.4919266849804518
43,test,onehot_vicreg,10,0.1992857142857143,0.27077835653417154,0.033931765908510096,5.873131237055168,1.6563891577184793,0.5595450786853513
43,test,onehot_vicreg,20,0.15375,0.19363591111007422,0.033931765908510096,4.531152325362455,2.1428180002103456,0.4678655137286929
49,test,onehot_vicreg,5,0.2289285714285714,0.31501518427931474,0.03393176590851009,6.746733195255131,1.162919618921335,0.4836236807163136
49,test,onehot_vicreg,10,0.20410714285714285,0.2697901087996416,0.03393176590851009,6.015223121822633,1.6419047014072934,0.5416062952906214
49,test,onehot_vicreg,20,0.16553571428571426,0.2060462815802829,0.03393176590851009,4.878488043682922,2.1059272870054593,0.5087610198469052
55,test,onehot_vicreg,5,0.22214285714285714,0.306027042956024,0.03393176590851009,6.546752024100924,1.1806706343043403,0.4573710881955323
55,test,onehot_vicreg,10,0.1923214285714286,0.2614416834143527,0.03393176590851009,5.667887403502166,1.649960501838474,0.5238997529470355
55,test,onehot_vicreg,20,0.1563392857142857,0.19829629497166557,0.03393176590851009,4.607460930144983,2.120817380110859,0.47729899634474304
31,test,raw_esmc_vicreg,5,0.2182142857142857,0.2954845121808849,0.033931765908510096,6.430973451327433,1.1764542910305018,0.45065718067273614
31,test,raw_esmc_vicreg,10,0.1917857142857143,0.2526368592526855,0.033931765908510096,5.652099416305781,1.6327238462497737,0.5283057805553598
31,test,raw_esmc_vicreg,20,0.1699107142857143,0.21345581483108883,0.033931765908510096,5.007423272453399,2.0243773904531492,0.5610707643676696
37,test,raw_esmc_vicreg,5,0.20357142857142857,0.2777230671745081,0.033931765908510096,5.999435134626247,1.2116003605211945,0.4285925184817096
37,test,raw_esmc_vicreg,10,0.18357142857142858,0.2396755885673425,0.033931765908510096,5.410016945961212,1.6581779117136954,0.5063806028834178
37,test,raw_esmc_vicreg,20,0.16473214285714285,0.19895243428943984,0.033931765908510096,4.854806062888344,2.0394326979740756,0.535568964910603
43,test,raw_esmc_vicreg,5,0.21607142857142858,0.30087775502583725,0.033931765908510096,6.3678215025418945,1.1667646414529158,0.46879803346259163
43,test,raw_esmc_vicreg,10,0.19946428571428573,0.2665582196046026,0.033931765908510096,5.878393899453964,1.594624736922684,0.583145877217902
43,test,raw_esmc_vicreg,20,0.17339285714285713,0.21740578243159467,0.033931765908510096,5.1100451892299,1.9949635750738008,0.580512648794891
49,test,raw_esmc_vicreg,5,0.22857142857142856,0.2969573596821398,0.03393176590851009,6.736207870457542,1.160257758827683,0.4413562251102048
49,test,raw_esmc_vicreg,10,0.20410714285714285,0.26206785371155233,0.03393176590851009,6.015223121822633,1.6024414403302278,0.5614612549966996
49,test,raw_esmc_vicreg,20,0.17767857142857144,0.22087885392731668,0.03393176590851009,5.23634908680098,1.9846538332806947,0.6005851426027098
55,test,raw_esmc_vicreg,5,0.21714285714285714,0.2920232028801961,0.03393176590851009,6.399397476934665,1.1605099764264057,0.45372767013790477
55,test,raw_esmc_vicreg,10,0.1878571428571429,0.2389614006914258,0.03393176590851009,5.536320843532294,1.626175855713272,0.5124461257160048
55,test,raw_esmc_vicreg,20,0.16794642857142858,0.2126454896605126,0.03393176590851009,4.949533986066655,1.9995930427939552,0.5744237205361327
31,test,finetuned_esmc_vicreg,5,0.21107142857142858,0.27970442671958307,0.033931765908510096,6.2204669553756355,1.1832065051444542,0.4251902767856888
31,test,finetuned_esmc_vicreg,10,0.1917857142857143,0.24929262168080665,0.033931765908510096,5.652099416305781,1.6156267833033484,0.5372244926589179
31,test,finetuned_esmc_vicreg,20,0.16839285714285715,0.20555045249380544,0.033931765908510096,4.962690642063642,2.004974057982492,0.5501140356927913
37,test,finetuned_esmc_vicreg,5,0.22750000000000004,0.29981095233973215,0.033931765908510096,6.704631896064772,1.1712055449699779,0.4637027797970116
37,test,finetuned_esmc_vicreg,10,0.2044642857142857,0.25814876416278953,0.033931765908510096,6.025748446620222,1.6157752241738692,0.5456731042392436
37,test,finetuned_esmc_vicreg,20,0.16758928571428572,0.1960286309979192,0.033931765908510096,4.939008661269064,2.0278525459289263,0.5463493774352367
43,test,finetuned_esmc_vicreg,5,0.22178571428571428,0.3009930418207202,0.033931765908510096,6.536226699303333,1.1821590597140808,0.4644662481588506
43,test,finetuned_esmc_vicreg,10,0.19232142857142862,0.25703314871980293,0.033931765908510096,5.667887403502166,1.627164671951834,0.550764964362236
43,test,finetuned_esmc_vicreg,20,0.16348214285714288,0.19944436129545257,0.033931765908510096,4.81796742609678,2.044345337394427,0.5303720610459597
49,test,finetuned_esmc_vicreg,5,0.23178571428571432,0.2874587370566497,0.03393176590851009,6.830935793635852,1.1647629742743488,0.427232281886037
49,test,finetuned_esmc_vicreg,10,0.20339285714285715,0.2531358809704659,0.03393176590851009,5.994172472227453,1.5801748316557143,0.5172425843509888
49,test,finetuned_esmc_vicreg,20,0.1792857142857143,0.22286572785662048,0.03393176590851009,5.283713048390135,1.9664778395876665,0.5727177911957536
55,test,finetuned_esmc_vicreg,5,0.22678571428571428,0.3050708766760904,0.03393176590851009,6.6835812464695925,1.1661232832953226,0.47371228867374976
55,test,finetuned_esmc_vicreg,10,0.20232142857142857,0.2564419390666139,0.03393176590851009,5.962596497834683,1.6160270598613307,0.5322139411358969
55,test,finetuned_esmc_vicreg,20,0.17482142857142857,0.2116473741140857,0.03393176590851009,5.152146488420261,2.013638910987908,0.5648981304896777
31,val,onehot_composition,5,0.13118712273641853,0.2026315783247451,0.03783994288310508,3.466895368782162,1.367509383393791,0.3038697249662378
31,val,onehot_composition,10,0.09798792756539236,0.12217008238233543,0.03783994288310508,2.589536878216124,1.9301303136432553,0.22985132995530477
31,val,onehot_composition,20,0.07645875251509054,0.07618371584672413,0.03783994288310508,2.0205831903945115,2.4162503984824566,0.17418237780523865
37,val,onehot_composition,5,0.1380281690140845,0.21759277308925412,0.03783994288310508,3.6476843910806176,1.3474443572899273,0.3362357365906878
37,val,onehot_composition,10,0.10482897384305835,0.1384624571419271,0.03783994288310508,2.7703259005145804,1.9081370149498198,0.27942316849361726
37,val,onehot_composition,20,0.07937625754527164,0.0870498670637293,0.03783994288310508,2.097684391080618,2.3969890827950295,0.19369177611286212
43,val,onehot_composition,5,0.12515090543259558,0.198665637636837,0.03783994288310508,3.3073756432247006,1.3789160066943529,0.28334287577574363
43,val,onehot_composition,10,0.09557344064386318,0.12210644142327354,0.03783994288310508,2.5257289879931393,1.9476292360999283,0.22973717207128105
43,val,onehot_composition,20,0.07887323943661972,0.08152432348746938,0.03783994288310508,2.0843910806174963,2.4225775625539234,0.16582270422388115
49,val,onehot_composition,5,0.14366197183098592,0.2298741463529647,0.03783994288310508,3.796569468267582,1.3393714783870814,0.3528439751756064
49,val,onehot_composition,10,0.10985915492957746,0.15146295401956258,0.03783994288310508,2.903259005145798,1.898166095210016,0.28364724747837244
49,val,onehot_composition,20,0.08440643863179075,0.09986560283989784,0.03783994288310508,2.2306174957118357,2.385154959061025,0.2136546338302253
55,val,onehot_composition,5,0.1319919517102616,0.21144957191822378,0.03783994288310508,3.4881646655231573,1.3717726464971776,0.30650231323568133
55,val,onehot_composition,10,0.10100603621730384,0.13207443317757517,0.03783994288310508,2.669296740994855,1.9355988095670904,0.2472842526673129
55,val,onehot_composition,20,0.07847082494969819,0.08397371710787262,0.03783994288310508,2.0737564322469986,2.41111124249051,0.19036615076905763
31,val,pretrained_esmc_meanpool,5,0.1380281690140845,0.20891242572186455,0.03783994288310508,3.6476843910806176,1.3234900640410885,0.3201729583040267
31,val,pretrained_esmc_meanpool,10,0.10160965794768612,0.1354529793135359,0.03783994288310508,2.685248713550601,1.87711493500883,0.263064005054286
31,val,pretrained_esmc_meanpool,20,0.07545271629778671,0.0780873361697434,0.03783994288310508,1.9939965694682678,2.376920370413129,0.17506462930424985
37,val,pretrained_esmc_meanpool,5,0.1488933601609658,0.22058040937074644,0.03783994288310508,3.934819897084049,1.3134206395062211,0.33249502177678175
37,val,pretrained_esmc_meanpool,10,0.11046277665995977,0.14934864320137956,0.03783994288310508,2.9192109777015443,1.8747837470523538,0.27616898887542257
37,val,pretrained_esmc_meanpool,20,0.08360160965794768,0.09014690803122473,0.03783994288310508,2.2093481989708406,2.3674010822948253,0.17862631870392448
43,val,pretrained_esmc_meanpool,5,0.13722334004024142,0.20240688650522617,0.03783994288310508,3.6264150943396225,1.3489691440960572,0.30035600432361004
43,val,pretrained_esmc_meanpool,10,0.10362173038229378,0.13256091485618526,0.03783994288310508,2.7384219554030884,1.9015577596356676,0.24099912814030025
43,val,pretrained_esmc_meanpool,20,0.07937625754527164,0.08112769872665045,0.03783994288310508,2.097684391080618,2.385474642452597,0.1555448743816927
49,val,pretrained_esmc_meanpool,5,0.15492957746478872,0.22955833078724341,0.03783994288310508,4.09433962264151,1.2964957446244276,0.35529709047927543
49,val,pretrained_esmc_meanpool,10,0.11488933601609658,0.15310218647682888,0.03783994288310508,3.0361921097770157,1.8607938723050153,0.2891286435146407
49,val,pretrained_esmc_meanpool,20,0.08460764587525152,0.09541552133780087,0.03783994288310508,2.2359348198970848,2.3602646508185026,0.19791694734312562
55,val,pretrained_esmc_meanpool,5,0.14849094567404425,0.20712348307703513,0.03783994288310508,3.9241852487135507,1.321542989904064,0.30908798529329023
55,val,pretrained_esmc_meanpool,10,0.1108651911468813,0.1412884656252096,0.03783994288310508,2.929845626072042,1.8711348257072142,0.24569237056287863
55,val,pretrained_esmc_meanpool,20,0.08279678068410463,0.08326115220495794,0.03783994288310508,2.188078902229846,2.3768322191809856,0.16998788893398464
31,val,finetuned_esmc_meanpool,5,0.1380281690140845,0.21006498757598657,0.03783994288310508,3.6476843910806176,1.326325355955252,0.32259666818791083
31,val,finetuned_esmc_meanpool,10,0.10643863179074448,0.13737548873789343,0.03783994288310508,2.81286449399657,1.8736982290868576,0.2578001555214827
31,val,finetuned_esmc_meanpool,20,0.08903420523138834,0.09597258598467401,0.03783994288310508,2.3529159519725567,2.3406942959893757,0.20303920179028243
37,val,finetuned_esmc_meanpool,5,0.14245472837022133,0.22154662694394173,0.03783994288310508,3.76466552315609,1.3325682152329876,0.34496922032383137
37,val,finetuned_esmc_meanpool,10,0.11287726358148893,0.15302177954871152,0.03783994288310508,2.9830188679245286,1.8650489894513884,0.29068154262972506
37,val,finetuned_esmc_meanpool,20,0.08501006036217304,0.09361749468589706,0.03783994288310508,2.2465694682675816,2.3445944935865692,0.19558799040971597
43,val,finetuned_esmc_meanpool,5,0.13440643863179078,0.21145110360099142,0.03783994288310508,3.551972555746142,1.3293953652180643,0.32548340993147556
43,val,finetuned_esmc_meanpool,10,0.10382293762575455,0.14285629268316183,0.03783994288310508,2.743739279588337,1.8767421792127112,0.2564767165755766
43,val,finetuned_esmc_meanpool,20,0.08501006036217305,0.09746097552300485,0.03783994288310508,2.246569468267582,2.339745153146754,0.19759919720889793
49,val,finetuned_esmc_meanpool,5,0.14647887323943662,0.22578429383015178,0.03783994288310508,3.871012006861064,1.3264279999518138,0.355845760551915
49,val,finetuned_esmc_meanpool,10,0.11106639839034206,0.1554453251544752,0.03783994288310508,2.9351629502572907,1.8667275793407094,0.3025720089246017
49,val,finetuned_esmc_meanpool,20,0.08923541247484912,0.10360610145659906,0.03783994288310508,2.3582332761578053,2.333803273988132,0.2210742144028371
55,val,finetuned_esmc_meanpool,5,0.13682092555331993,0.21706000182229582,0.03783994288310508,3.615780445969126,1.3398023478536814,0.33024773393688867
55,val,finetuned_esmc_meanpool,10,0.10422535211267607,0.14312639347156,0.03783994288310508,2.7543739279588344,1.8806158737780287,0.28236267784146174
55,val,finetuned_esmc_meanpool,20,0.08329979879275655,0.09166894695025997,0.03783994288310508,2.201372212692968,2.35955574457695,0.20115056180903243
31,val,onehot_vicreg,5,0.2189134808853119,0.3058853077352455,0.03783994288310508,5.785248713550602,1.206366640596345,0.46419178565611113
31,val,onehot_vicreg,10,0.1869215291750503,0.2470957664266865,0.03783994288310508,4.939794168096056,1.6977485913886061,0.47126045349279605
31,val,onehot_vicreg,20,0.14889336016096583,0.16966585309488635,0.03783994288310508,3.9348198970840493,2.142386178181708,0.36778183843027373
37,val,onehot_vicreg,5,0.21971830985915494,0.30132758086958594,0.03783994288310508,5.8065180102915965,1.2076360595895486,0.46536001767765256
37,val,onehot_vicreg,10,0.193158953722334,0.2530964793362927,0.03783994288310508,5.104631217838765,1.6730136873944008,0.5097148105095552
37,val,onehot_vicreg,20,0.15442655935613683,0.18861062255471153,0.03783994288310508,4.081046312178389,2.121733093173339,0.4521246821767089
43,val,onehot_vicreg,5,0.23460764587525154,0.3103990697098686,0.03783994288310508,6.200000000000002,1.1779287774108005,0.4730014698725578
43,val,onehot_vicreg,10,0.19919517102615694,0.2546930849906871,0.03783994288310508,5.264150943396227,1.6601603773275293,0.49964587736277793
43,val,onehot_vicreg,20,0.1579476861167002,0.1853058086949641,0.03783994288310508,4.174099485420241,2.1051429765042218,0.42812304879367336
49,val,onehot_vicreg,5,0.24949698189134809,0.3323665955143938,0.03783994288310508,6.593481989708406,1.1636441843895353,0.5015594414049311
49,val,onehot_vicreg,10,0.2189134808853119,0.2804932895314775,0.03783994288310508,5.785248713550602,1.6457571990337658,0.5577346340783959
49,val,onehot_vicreg,20,0.16951710261569417,0.20890961580239373,0.03783994288310508,4.479845626072041,2.091379225201827,0.4913922599506364
55,val,onehot_vicreg,5,0.23943661971830985,0.32279913288014156,0.03783994288310508,6.32761578044597,1.162425810524857,0.48875101106150554
55,val,onehot_vicreg,10,0.1995975855130785,0.2571313638274957,0.03783994288310508,5.274785591766725,1.6608028406321556,0.5041570939753356
55,val,onehot_vicreg,20,0.15865191146881286,0.18585707052829703,0.03783994288310508,4.192710120068611,2.0954880910902203,0.42681178050115265
31,val,raw_esmc_vicreg,5,0.2012072434607646,0.27284651847459834,0.03783994288310508,5.317324185248714,1.1950728170616052,0.4307599946402828
31,val,raw_esmc_vicreg,10,0.18571428571428572,0.23526418827961054,0.03783994288310508,4.907890222984563,1.6239948316034627,0.48611605840623473
31,val,raw_esmc_vicreg,20,0.1585513078470825,0.18215763035646432,0.03783994288310508,4.190051457975986,2.0274777135980315,0.4380064172568241
37,val,raw_esmc_vicreg,5,0.2024144869215292,0.272690974247415,0.03783994288310508,5.349228130360207,1.2144784962991402,0.41725998639063855
37,val,raw_esmc_vicreg,10,0.18390342052313885,0.23330029768901048,0.03783994288310508,4.860034305317325,1.6379599924695463,0.5191305487062008
37,val,raw_esmc_vicreg,20,0.15875251509054328,0.19175366994751972,0.03783994288310508,4.195368782161236,2.034070815310027,0.496144265760967
43,val,raw_esmc_vicreg,5,0.2152917505030181,0.27667100764478597,0.03783994288310508,5.689536878216124,1.1661996148496536,0.41969771143929996
43,val,raw_esmc_vicreg,10,0.1949698189134809,0.2445273210893256,0.03783994288310508,5.1524871355060045,1.5941265796871436,0.5193050507160418
43,val,raw_esmc_vicreg,20,0.17032193158953723,0.196292335734998,0.03783994288310508,4.501114922813037,2.005193532627463,0.5020146691593713
49,val,raw_esmc_vicreg,5,0.2358148893360161,0.31220155155346707,0.03783994288310508,6.231903945111493,1.1552246115107303,0.46991211394978627
49,val,raw_esmc_vicreg,10,0.2098591549295775,0.2748392255137101,0.03783994288310508,5.54596912521441,1.5829367901294975,0.5731585004956214
49,val,raw_esmc_vicreg,20,0.18269617706237423,0.2235221401298813,0.03783994288310508,4.828130360205832,1.9717635871217647,0.5695412330775051
55,val,raw_esmc_vicreg,5,0.22736418511066397,0.2957371415741156,0.03783994288310508,6.008576329331047,1.1451008524099784,0.45576285421542984
55,val,raw_esmc_vicreg,10,0.2046277665995976,0.25595269674584537,0.03783994288310508,5.407718696397943,1.5820096183100747,0.5462541519763716
55,val,raw_esmc_vicreg,20,0.16670020120724344,0.20003213187549568,0.03783994288310508,4.405403087478559,1.9967988395851362,0.5125845657603099
31,val,finetuned_esmc_vicreg,5,0.20684104627766603,0.28204748819818504,0.03783994288310508,5.4662092624356795,1.1931500943954465,0.42947582648196425
31,val,finetuned_esmc_vicreg,10,0.1881287726358149,0.23333795043192876,0.03783994288310508,4.971698113207548,1.621463799756893,0.4934114688452792
31,val,finetuned_esmc_vicreg,20,0.16247484909456741,0.18849000707685903,0.03783994288310508,4.293739279588337,2.0248903432369345,0.4725081416603458
37,val,finetuned_esmc_vicreg,5,0.22173038229376255,0.2898876208790021,0.03783994288310508,5.859691252144082,1.1857270149144814,0.44993062690590346
37,val,finetuned_esmc_vicreg,10,0.20080482897384308,0.24902093222243485,0.03783994288310508,5.306689536878218,1.6268151385213607,0.536403320292853
37,val,finetuned_esmc_vicreg,20,0.1704225352112676,0.20445349083520062,0.03783994288310508,4.503773584905661,2.0079823686566964,0.5363220940989015
43,val,finetuned_esmc_vicreg,5,0.22052313883299798,0.2996666960812434,0.03783994288310508,5.827787307032591,1.1529109614866857,0.4543980779346704
43,val,finetuned_esmc_vicreg,10,0.20020120724346077,0.25402189372869494,0.03783994288310508,5.2907375643224706,1.599555777052041,0.5099349334332474
43,val,finetuned_esmc_vicreg,20,0.1665995975855131,0.1938986507441489,0.03783994288310508,4.402744425385936,2.009933712888414,0.4752331749527624
49,val,finetuned_esmc_vicreg,5,0.23581488933601613,0.30304456103928146,0.03783994288310508,6.231903945111494,1.1605286194520477,0.46816113043261715
49,val,finetuned_esmc_vicreg,10,0.2126760563380282,0.2641951478491287,0.03783994288310508,5.620411663807892,1.5826029560583739,0.5505249962625509
49,val,finetuned_esmc_vicreg,20,0.17696177062374246,0.21026816390455896,0.03783994288310508,4.676586620926244,1.9813608363442252,0.5387028013078646
55,val,finetuned_esmc_vicreg,5,0.22494969818913482,0.30584718815105844,0.03783994288310508,5.944768439108063,1.1511331490544086,0.4698511640506574
55,val,finetuned_esmc_vicreg,10,0.20201207243460767,0.2580611345205453,0.03783994288310508,5.33859348198971,1.593127785878787,0.5451750406265917
55,val,finetuned_esmc_vicreg,20,0.17122736418511064,0.20144623633239986,0.03783994288310508,4.525042881646655,1.9943675090472293,0.5305955004073122
