split,category,model,metric,mean,std,n_seeds,seeds,n_pairs,n_pos,n_neg,n_peptides,n_pep_n_le_2,frac_pairs_n_le_2,note
test,ALL,esm_vicreg_finetuned,global_auroc,0.7864548476454294,0.005034883931866257,5,"31,37,43,49,55",3800,1900,1900,381,275.0,0.1268421052631579,
test,ALL,esm_vicreg_finetuned,global_auprc,0.7831432345938598,0.004800416182848628,5,"31,37,43,49,55",3800,1900,1900,381,275.0,0.1268421052631579,
test,ALL,esm_vicreg_finetuned,pep_w_auroc,0.7725860060289195,0.004916052794341918,5,"31,37,43,49,55",3800,1900,1900,381,275.0,0.1268421052631579,
test,ALL,esm_vicreg_finetuned,pep_w_auroc_min2each,0.7838435845013665,0.003246718232675877,5,"31,37,43,49,55",3800,1900,1900,381,275.0,0.1268421052631579,
test,ALL,esm_vicreg_raw,global_auroc,0.7886876454293629,0.004302705336180549,5,"31,37,43,49,55",3800,1900,1900,381,275.0,0.1268421052631579,
test,ALL,esm_vicreg_raw,global_auprc,0.7867829273342085,0.00401277566545811,5,"31,37,43,49,55",3800,1900,1900,381,275.0,0.1268421052631579,
test,ALL,esm_vicreg_raw,pep_w_auroc,0.7729720587007622,0.003922362438960742,5,"31,37,43,49,55",3800,1900,1900,381,275.0,0.1268421052631579,
test,ALL,esm_vicreg_raw,pep_w_auroc_min2each,0.7829955557261694,0.0023945098804571945,5,"31,37,43,49,55",3800,1900,1900,381,275.0,0.1268421052631579,
test,ALL,finetuned_esmc_meanpool,global_auroc,0.5252501385041551,0.0,5,"31,37,43,49,55",3800,1900,1900,381,275.0,0.1268421052631579,
test,ALL,finetuned_esmc_meanpool,global_auprc,0.5185710122133451,0.0,5,"31,37,43,49,55",3800,1900,1900,381,275.0,0.1268421052631579,
test,ALL,finetuned_esmc_meanpool,pep_w_auroc,0.5395708476255016,0.0,5,"31,37,43,49,55",3800,1900,1900,381,275.0,0.1268421052631579,
test,ALL,finetuned_esmc_meanpool,pep_w_auroc_min2each,0.5270210531634657,0.0,5,"31,37,43,49,55",3800,1900,1900,381,275.0,0.1268421052631579,
test,ALL,onehot_composition,global_auroc,0.5070831024930748,0.0,5,"31,37,43,49,55",3800,1900,1900,381,275.0,0.1268421052631579,
test,ALL,onehot_composition,global_auprc,0.5091321196305174,0.0,5,"31,37,43,49,55",3800,1900,1900,381,275.0,0.1268421052631579,
test,ALL,onehot_composition,pep_w_auroc,0.4986621935119371,0.0,5,"31,37,43,49,55",3800,1900,1900,381,275.0,0.1268421052631579,
test,ALL,onehot_composition,pep_w_auroc_min2each,0.49135360213523416,6.206335383118183e-17,5,"31,37,43,49,55",3800,1900,1900,381,275.0,0.1268421052631579,
test,ALL,onehot_vicreg,global_auroc,0.7206653739612188,0.0025634187461736693,5,"31,37,43,49,55",3800,1900,1900,381,275.0,0.1268421052631579,
test,ALL,onehot_vicreg,global_auprc,0.7051454216056737,0.003652993720681675,5,"31,37,43,49,55",3800,1900,1900,381,275.0,0.1268421052631579,
test,ALL,onehot_vicreg,pep_w_auroc,0.7332388379602769,0.0058249466146896856,5,"31,37,43,49,55",3800,1900,1900,381,275.0,0.1268421052631579,
test,ALL,onehot_vicreg,pep_w_auroc_min2each,0.7478955208060867,0.0041200270965607985,5,"31,37,43,49,55",3800,1900,1900,381,275.0,0.1268421052631579,
test,ALL,pretrained_esmc_meanpool,global_auroc,0.4985999999999999,6.206335383118183e-17,5,"31,37,43,49,55",3800,1900,1900,381,275.0,0.1268421052631579,
test,ALL,pretrained_esmc_meanpool,global_auprc,0.5013628592610189,0.0,5,"31,37,43,49,55",3800,1900,1900,381,275.0,0.1268421052631579,
test,ALL,pretrained_esmc_meanpool,pep_w_auroc,0.4962831108065938,0.0,5,"31,37,43,49,55",3800,1900,1900,381,275.0,0.1268421052631579,
test,ALL,pretrained_esmc_meanpool,pep_w_auroc_min2each,0.5102315173964502,0.0,5,"31,37,43,49,55",3800,1900,1900,381,275.0,0.1268421052631579,
test,both_seen,esm_vicreg_finetuned,global_auroc,1.0,0.0,5,"31,37,43,49,55",3,1,2,2,2.0,1.0,few_peptides;majority_pairs_in_n<=2_peptides;low_class_counts;pep_w_unstable
test,both_seen,esm_vicreg_finetuned,global_auprc,1.0,0.0,5,"31,37,43,49,55",3,1,2,2,2.0,1.0,few_peptides;majority_pairs_in_n<=2_peptides;low_class_counts;pep_w_unstable
test,both_seen,esm_vicreg_finetuned,pep_w_auroc,1.0,0.0,5,"31,37,43,49,55",3,1,2,2,2.0,1.0,few_peptides;majority_pairs_in_n<=2_peptides;low_class_counts;pep_w_unstable
test,both_seen,esm_vicreg_finetuned,pep_w_auroc_min2each,,0.0,5,"31,37,43,49,55",3,1,2,2,2.0,1.0,few_peptides;majority_pairs_in_n<=2_peptides;low_class_counts;pep_w_unstable
test,both_seen,esm_vicreg_raw,global_auroc,1.0,0.0,5,"31,37,43,49,55",3,1,2,2,2.0,1.0,few_peptides;majority_pairs_in_n<=2_peptides;low_class_counts;pep_w_unstable
test,both_seen,esm_vicreg_raw,global_auprc,1.0,0.0,5,"31,37,43,49,55",3,1,2,2,2.0,1.0,few_peptides;majority_pairs_in_n<=2_peptides;low_class_counts;pep_w_unstable
test,both_seen,esm_vicreg_raw,pep_w_auroc,1.0,0.0,5,"31,37,43,49,55",3,1,2,2,2.0,1.0,few_peptides;majority_pairs_in_n<=2_peptides;low_class_counts;pep_w_unstable
test,both_seen,esm_vicreg_raw,pep_w_auroc_min2each,,0.0,5,"31,37,43,49,55",3,1,2,2,2.0,1.0,few_peptides;majority_pairs_in_n<=2_peptides;low_class_counts;pep_w_unstable
test,both_seen,finetuned_esmc_meanpool,global_auroc,0.5,0.0,5,"31,37,43,49,55",3,1,2,2,2.0,1.0,few_peptides;majority_pairs_in_n<=2_peptides;low_class_counts;pep_w_unstable
test,both_seen,finetuned_esmc_meanpool,global_auprc,0.5,0.0,5,"31,37,43,49,55",3,1,2,2,2.0,1.0,few_peptides;majority_pairs_in_n<=2_peptides;low_class_counts;pep_w_unstable
test,both_seen,finetuned_esmc_meanpool,pep_w_auroc,1.0,0.0,5,"31,37,43,49,55",3,1,2,2,2.0,1.0,few_peptides;majority_pairs_in_n<=2_peptides;low_class_counts;pep_w_unstable
test,both_seen,finetuned_esmc_meanpool,pep_w_auroc_min2each,,0.0,5,"31,37,43,49,55",3,1,2,2,2.0,1.0,few_peptides;majority_pairs_in_n<=2_peptides;low_class_counts;pep_w_unstable
test,both_seen,onehot_composition,global_auroc,0.5,0.0,5,"31,37,43,49,55",3,1,2,2,2.0,1.0,few_peptides;majority_pairs_in_n<=2_peptides;low_class_counts;pep_w_unstable
test,both_seen,onehot_composition,global_auprc,0.5,0.0,5,"31,37,43,49,55",3,1,2,2,2.0,1.0,few_peptides;majority_pairs_in_n<=2_peptides;low_class_counts;pep_w_unstable
test,both_seen,onehot_composition,pep_w_auroc,0.0,0.0,5,"31,37,43,49,55",3,1,2,2,2.0,1.0,few_peptides;majority_pairs_in_n<=2_peptides;low_class_counts;pep_w_unstable
test,both_seen,onehot_composition,pep_w_auroc_min2each,,0.0,5,"31,37,43,49,55",3,1,2,2,2.0,1.0,few_peptides;majority_pairs_in_n<=2_peptides;low_class_counts;pep_w_unstable
test,both_seen,onehot_vicreg,global_auroc,1.0,0.0,5,"31,37,43,49,55",3,1,2,2,2.0,1.0,few_peptides;majority_pairs_in_n<=2_peptides;low_class_counts;pep_w_unstable
test,both_seen,onehot_vicreg,global_auprc,1.0,0.0,5,"31,37,43,49,55",3,1,2,2,2.0,1.0,few_peptides;majority_pairs_in_n<=2_peptides;low_class_counts;pep_w_unstable
test,both_seen,onehot_vicreg,pep_w_auroc,1.0,0.0,5,"31,37,43,49,55",3,1,2,2,2.0,1.0,few_peptides;majority_pairs_in_n<=2_peptides;low_class_counts;pep_w_unstable
test,both_seen,onehot_vicreg,pep_w_auroc_min2each,,0.0,5,"31,37,43,49,55",3,1,2,2,2.0,1.0,few_peptides;majority_pairs_in_n<=2_peptides;low_class_counts;pep_w_unstable
test,both_seen,pretrained_esmc_meanpool,global_auroc,0.5,0.0,5,"31,37,43,49,55",3,1,2,2,2.0,1.0,few_peptides;majority_pairs_in_n<=2_peptides;low_class_counts;pep_w_unstable
test,both_seen,pretrained_esmc_meanpool,global_auprc,0.5,0.0,5,"31,37,43,49,55",3,1,2,2,2.0,1.0,few_peptides;majority_pairs_in_n<=2_peptides;low_class_counts;pep_w_unstable
test,both_seen,pretrained_esmc_meanpool,pep_w_auroc,1.0,0.0,5,"31,37,43,49,55",3,1,2,2,2.0,1.0,few_peptides;majority_pairs_in_n<=2_peptides;low_class_counts;pep_w_unstable
test,both_seen,pretrained_esmc_meanpool,pep_w_auroc_min2each,,0.0,5,"31,37,43,49,55",3,1,2,2,2.0,1.0,few_peptides;majority_pairs_in_n<=2_peptides;low_class_counts;pep_w_unstable
test,completely_unseen,esm_vicreg_finetuned,global_auroc,0.7089052514587385,0.0230312683869133,5,"31,37,43,49,55",240,118,122,106,85.0,0.6041666666666666,majority_pairs_in_n<=2_peptides
test,completely_unseen,esm_vicreg_finetuned,global_auprc,0.7244034964398078,0.027187329484889073,5,"31,37,43,49,55",240,118,122,106,85.0,0.6041666666666666,majority_pairs_in_n<=2_peptides
test,completely_unseen,esm_vicreg_finetuned,pep_w_auroc,0.705440251572327,0.03310683848750694,5,"31,37,43,49,55",240,118,122,106,85.0,0.6041666666666666,majority_pairs_in_n<=2_peptides
test,completely_unseen,esm_vicreg_finetuned,pep_w_auroc_min2each,0.788421052631579,0.044206523071329815,5,"31,37,43,49,55",240,118,122,106,85.0,0.6041666666666666,majority_pairs_in_n<=2_peptides
test,completely_unseen,esm_vicreg_raw,global_auroc,0.7258266185051403,0.020515571994652017,5,"31,37,43,49,55",240,118,122,106,85.0,0.6041666666666666,majority_pairs_in_n<=2_peptides
test,completely_unseen,esm_vicreg_raw,global_auprc,0.7307371836109386,0.006135149984291624,5,"31,37,43,49,55",240,118,122,106,85.0,0.6041666666666666,majority_pairs_in_n<=2_peptides
test,completely_unseen,esm_vicreg_raw,pep_w_auroc,0.7220754716981131,0.024056501006892005,5,"31,37,43,49,55",240,118,122,106,85.0,0.6041666666666666,majority_pairs_in_n<=2_peptides
test,completely_unseen,esm_vicreg_raw,pep_w_auroc_min2each,0.7479824561403509,0.048668995567797954,5,"31,37,43,49,55",240,118,122,106,85.0,0.6041666666666666,majority_pairs_in_n<=2_peptides
test,completely_unseen,finetuned_esmc_meanpool,global_auroc,0.5472353431508753,0.0,5,"31,37,43,49,55",240,118,122,106,85.0,0.6041666666666666,majority_pairs_in_n<=2_peptides
test,completely_unseen,finetuned_esmc_meanpool,global_auprc,0.528114424203058,0.0,5,"31,37,43,49,55",240,118,122,106,85.0,0.6041666666666666,majority_pairs_in_n<=2_peptides
test,completely_unseen,finetuned_esmc_meanpool,pep_w_auroc,0.6322327044025157,0.0,5,"31,37,43,49,55",240,118,122,106,85.0,0.6041666666666666,majority_pairs_in_n<=2_peptides
test,completely_unseen,finetuned_esmc_meanpool,pep_w_auroc_min2each,0.5859649122807017,0.0,5,"31,37,43,49,55",240,118,122,106,85.0,0.6041666666666666,majority_pairs_in_n<=2_peptides
test,completely_unseen,onehot_composition,global_auroc,0.5431369824951375,0.0,5,"31,37,43,49,55",240,118,122,106,85.0,0.6041666666666666,majority_pairs_in_n<=2_peptides
test,completely_unseen,onehot_composition,global_auprc,0.5378632822945193,0.0,5,"31,37,43,49,55",240,118,122,106,85.0,0.6041666666666666,majority_pairs_in_n<=2_peptides
test,completely_unseen,onehot_composition,pep_w_auroc,0.5133647798742139,0.0,5,"31,37,43,49,55",240,118,122,106,85.0,0.6041666666666666,majority_pairs_in_n<=2_peptides
test,completely_unseen,onehot_composition,pep_w_auroc_min2each,0.4364035087719299,0.0,5,"31,37,43,49,55",240,118,122,106,85.0,0.6041666666666666,majority_pairs_in_n<=2_peptides
test,completely_unseen,onehot_vicreg,global_auroc,0.6027924423450959,0.024863429595111713,5,"31,37,43,49,55",240,118,122,106,85.0,0.6041666666666666,majority_pairs_in_n<=2_peptides
test,completely_unseen,onehot_vicreg,global_auprc,0.618120177618037,0.038521879528930575,5,"31,37,43,49,55",240,118,122,106,85.0,0.6041666666666666,majority_pairs_in_n<=2_peptides
test,completely_unseen,onehot_vicreg,pep_w_auroc,0.5969811320754718,0.03613059069372134,5,"31,37,43,49,55",240,118,122,106,85.0,0.6041666666666666,majority_pairs_in_n<=2_peptides
test,completely_unseen,onehot_vicreg,pep_w_auroc_min2each,0.597280701754386,0.03976790931473521,5,"31,37,43,49,55",240,118,122,106,85.0,0.6041666666666666,majority_pairs_in_n<=2_peptides
test,completely_unseen,pretrained_esmc_meanpool,global_auroc,0.44547096415671017,6.206335383118183e-17,5,"31,37,43,49,55",240,118,122,106,85.0,0.6041666666666666,majority_pairs_in_n<=2_peptides
test,completely_unseen,pretrained_esmc_meanpool,global_auprc,0.46641020726774063,0.0,5,"31,37,43,49,55",240,118,122,106,85.0,0.6041666666666666,majority_pairs_in_n<=2_peptides
test,completely_unseen,pretrained_esmc_meanpool,pep_w_auroc,0.4518867924528302,0.0,5,"31,37,43,49,55",240,118,122,106,85.0,0.6041666666666666,majority_pairs_in_n<=2_peptides
test,completely_unseen,pretrained_esmc_meanpool,pep_w_auroc_min2each,0.45789473684210524,0.0,5,"31,37,43,49,55",240,118,122,106,85.0,0.6041666666666666,majority_pairs_in_n<=2_peptides
test,unseen_HLA,esm_vicreg_finetuned,global_auroc,0.6148794489092997,0.0281314696618834,5,"31,37,43,49,55",264,134,130,14,8.0,0.045454545454545456,
test,unseen_HLA,esm_vicreg_finetuned,global_auprc,0.5964070664117671,0.022670597886576112,5,"31,37,43,49,55",264,134,130,14,8.0,0.045454545454545456,
test,unseen_HLA,esm_vicreg_finetuned,pep_w_auroc,0.5969807438937873,0.03513677290978502,5,"31,37,43,49,55",264,134,130,14,8.0,0.045454545454545456,
test,unseen_HLA,esm_vicreg_finetuned,pep_w_auroc_min2each,0.5873610849697806,0.0348790400140598,5,"31,37,43,49,55",264,134,130,14,8.0,0.045454545454545456,
test,unseen_HLA,esm_vicreg_raw,global_auroc,0.5985993111366247,0.02607364685510976,5,"31,37,43,49,55",264,134,130,14,8.0,0.045454545454545456,
test,unseen_HLA,esm_vicreg_raw,global_auprc,0.577564233653631,0.027304333178804534,5,"31,37,43,49,55",264,134,130,14,8.0,0.045454545454545456,
test,unseen_HLA,esm_vicreg_raw,pep_w_auroc,0.5905995236647411,0.026776903820888882,5,"31,37,43,49,55",264,134,130,14,8.0,0.045454545454545456,
test,unseen_HLA,esm_vicreg_raw,pep_w_auroc_min2each,0.5807772863207645,0.028243907246248933,5,"31,37,43,49,55",264,134,130,14,8.0,0.045454545454545456,
test,unseen_HLA,finetuned_esmc_meanpool,global_auroc,0.4772101033295063,0.0,5,"31,37,43,49,55",264,134,130,14,8.0,0.045454545454545456,
test,unseen_HLA,finetuned_esmc_meanpool,global_auprc,0.49284148175295367,0.0,5,"31,37,43,49,55",264,134,130,14,8.0,0.045454545454545456,
test,unseen_HLA,finetuned_esmc_meanpool,pep_w_auroc,0.47714984291071244,0.0,5,"31,37,43,49,55",264,134,130,14,8.0,0.045454545454545456,
test,unseen_HLA,finetuned_esmc_meanpool,pep_w_auroc_min2each,0.47642444109835413,0.0,5,"31,37,43,49,55",264,134,130,14,8.0,0.045454545454545456,
test,unseen_HLA,onehot_composition,global_auroc,0.446211251435132,0.0,5,"31,37,43,49,55",264,134,130,14,8.0,0.045454545454545456,
test,unseen_HLA,onehot_composition,global_auprc,0.48734613463115045,6.206335383118183e-17,5,"31,37,43,49,55",264,134,130,14,8.0,0.045454545454545456,
test,unseen_HLA,onehot_composition,pep_w_auroc,0.4004227053140096,6.206335383118183e-17,5,"31,37,43,49,55",264,134,130,14,8.0,0.045454545454545456,
test,unseen_HLA,onehot_composition,pep_w_auroc_min2each,0.40519802929223225,6.206335383118183e-17,5,"31,37,43,49,55",264,134,130,14,8.0,0.045454545454545456,
test,unseen_HLA,onehot_vicreg,global_auroc,0.5914925373134328,0.024383037668113613,5,"31,37,43,49,55",264,134,130,14,8.0,0.045454545454545456,
test,unseen_HLA,onehot_vicreg,global_auprc,0.5822390205629385,0.02637303576790722,5,"31,37,43,49,55",264,134,130,14,8.0,0.045454545454545456,
test,unseen_HLA,onehot_vicreg,pep_w_auroc,0.6012545691023952,0.03949233358003963,5,"31,37,43,49,55",264,134,130,14,8.0,0.045454545454545456,
test,unseen_HLA,onehot_vicreg,pep_w_auroc_min2each,0.6044689998675505,0.04074605845559643,5,"31,37,43,49,55",264,134,130,14,8.0,0.045454545454545456,
test,unseen_HLA,pretrained_esmc_meanpool,global_auroc,0.4950057405281286,0.0,5,"31,37,43,49,55",264,134,130,14,8.0,0.045454545454545456,
test,unseen_HLA,pretrained_esmc_meanpool,global_auprc,0.500063835772957,0.0,5,"31,37,43,49,55",264,134,130,14,8.0,0.045454545454545456,
test,unseen_HLA,pretrained_esmc_meanpool,pep_w_auroc,0.494559474342083,0.0,5,"31,37,43,49,55",264,134,130,14,8.0,0.045454545454545456,
test,unseen_HLA,pretrained_esmc_meanpool,pep_w_auroc_min2each,0.5023232671783396,0.0,5,"31,37,43,49,55",264,134,130,14,8.0,0.045454545454545456,
test,unseen_TCR,esm_vicreg_finetuned,global_auroc,0.8010716091209835,0.004697603807285626,5,"31,37,43,49,55",3290,1644,1646,261,183.0,0.09939209726443769,
test,unseen_TCR,esm_vicreg_finetuned,global_auprc,0.7956658077685101,0.004960508895741056,5,"31,37,43,49,55",3290,1644,1646,261,183.0,0.09939209726443769,
test,unseen_TCR,esm_vicreg_finetuned,pep_w_auroc,0.7907953411744229,0.005119239537204601,5,"31,37,43,49,55",3290,1644,1646,261,183.0,0.09939209726443769,
test,unseen_TCR,esm_vicreg_finetuned,pep_w_auroc_min2each,0.8005793650737688,0.004773090628622514,5,"31,37,43,49,55",3290,1644,1646,261,183.0,0.09939209726443769,
test,unseen_TCR,esm_vicreg_raw,global_auroc,0.8029963518431471,0.0033843026294139993,5,"31,37,43,49,55",3290,1644,1646,261,183.0,0.09939209726443769,
test,unseen_TCR,esm_vicreg_raw,global_auprc,0.8004077640835,0.0038769887079415336,5,"31,37,43,49,55",3290,1644,1646,261,183.0,0.09939209726443769,
test,unseen_TCR,esm_vicreg_raw,pep_w_auroc,0.7906969323763625,0.002952658706577206,5,"31,37,43,49,55",3290,1644,1646,261,183.0,0.09939209726443769,
test,unseen_TCR,esm_vicreg_raw,pep_w_auroc_min2each,0.8012908116589609,0.0022635537273706756,5,"31,37,43,49,55",3290,1644,1646,261,183.0,0.09939209726443769,
test,unseen_TCR,finetuned_esmc_meanpool,global_auroc,0.5325710341076059,0.0,5,"31,37,43,49,55",3290,1644,1646,261,183.0,0.09939209726443769,
test,unseen_TCR,finetuned_esmc_meanpool,global_auprc,0.5214828431826046,0.0,5,"31,37,43,49,55",3290,1644,1646,261,183.0,0.09939209726443769,
test,unseen_TCR,finetuned_esmc_meanpool,pep_w_auroc,0.5385182868365402,0.0,5,"31,37,43,49,55",3290,1644,1646,261,183.0,0.09939209726443769,
test,unseen_TCR,finetuned_esmc_meanpool,pep_w_auroc_min2each,0.5301456613994252,0.0,5,"31,37,43,49,55",3290,1644,1646,261,183.0,0.09939209726443769,
test,unseen_TCR,onehot_composition,global_auroc,0.5063513849101117,0.0,5,"31,37,43,49,55",3290,1644,1646,261,183.0,0.09939209726443769,
test,unseen_TCR,onehot_composition,global_auprc,0.5072639429342061,0.0,5,"31,37,43,49,55",3290,1644,1646,261,183.0,0.09939209726443769,
test,unseen_TCR,onehot_composition,pep_w_auroc,0.5056558420450261,0.0,5,"31,37,43,49,55",3290,1644,1646,261,183.0,0.09939209726443769,
test,unseen_TCR,onehot_composition,pep_w_auroc_min2each,0.500641529002835,0.0,5,"31,37,43,49,55",3290,1644,1646,261,183.0,0.09939209726443769,
test,unseen_TCR,onehot_vicreg,global_auroc,0.7339060555264846,0.0019122599144918554,5,"31,37,43,49,55",3290,1644,1646,261,183.0,0.09939209726443769,
test,unseen_TCR,onehot_vicreg,global_auprc,0.7159419993903346,0.003214023281104634,5,"31,37,43,49,55",3290,1644,1646,261,183.0,0.09939209726443769,
test,unseen_TCR,onehot_vicreg,pep_w_auroc,0.7524178231253174,0.004682341989045176,5,"31,37,43,49,55",3290,1644,1646,261,183.0,0.09939209726443769,
test,unseen_TCR,onehot_vicreg,pep_w_auroc_min2each,0.7640237713181108,0.001909838577976499,5,"31,37,43,49,55",3290,1644,1646,261,183.0,0.09939209726443769,
test,unseen_TCR,pretrained_esmc_meanpool,global_auroc,0.5032597641410423,0.0,5,"31,37,43,49,55",3290,1644,1646,261,183.0,0.09939209726443769,
test,unseen_TCR,pretrained_esmc_meanpool,global_auprc,0.5044594957402835,0.0,5,"31,37,43,49,55",3290,1644,1646,261,183.0,0.09939209726443769,
test,unseen_TCR,pretrained_esmc_meanpool,pep_w_auroc,0.499813982758735,0.0,5,"31,37,43,49,55",3290,1644,1646,261,183.0,0.09939209726443769,
test,unseen_TCR,pretrained_esmc_meanpool,pep_w_auroc_min2each,0.5122762072445725,0.0,5,"31,37,43,49,55",3290,1644,1646,261,183.0,0.09939209726443769,
test,unseen_peptide,esm_vicreg_finetuned,global_auroc,,0.0,5,"31,37,43,49,55",3,3,0,2,2.0,1.0,few_peptides;majority_pairs_in_n<=2_peptides;low_class_counts;pep_w_unstable
test,unseen_peptide,esm_vicreg_finetuned,global_auprc,,0.0,5,"31,37,43,49,55",3,3,0,2,2.0,1.0,few_peptides;majority_pairs_in_n<=2_peptides;low_class_counts;pep_w_unstable
test,unseen_peptide,esm_vicreg_finetuned,pep_w_auroc,,0.0,5,"31,37,43,49,55",3,3,0,2,2.0,1.0,few_peptides;majority_pairs_in_n<=2_peptides;low_class_counts;pep_w_unstable
test,unseen_peptide,esm_vicreg_finetuned,pep_w_auroc_min2each,,0.0,5,"31,37,43,49,55",3,3,0,2,2.0,1.0,few_peptides;majority_pairs_in_n<=2_peptides;low_class_counts;pep_w_unstable
test,unseen_peptide,esm_vicreg_raw,global_auroc,,0.0,5,"31,37,43,49,55",3,3,0,2,2.0,1.0,few_peptides;majority_pairs_in_n<=2_peptides;low_class_counts;pep_w_unstable
test,unseen_peptide,esm_vicreg_raw,global_auprc,,0.0,5,"31,37,43,49,55",3,3,0,2,2.0,1.0,few_peptides;majority_pairs_in_n<=2_peptides;low_class_counts;pep_w_unstable
test,unseen_peptide,esm_vicreg_raw,pep_w_auroc,,0.0,5,"31,37,43,49,55",3,3,0,2,2.0,1.0,few_peptides;majority_pairs_in_n<=2_peptides;low_class_counts;pep_w_unstable
test,unseen_peptide,esm_vicreg_raw,pep_w_auroc_min2each,,0.0,5,"31,37,43,49,55",3,3,0,2,2.0,1.0,few_peptides;majority_pairs_in_n<=2_peptides;low_class_counts;pep_w_unstable
test,unseen_peptide,finetuned_esmc_meanpool,global_auroc,,0.0,5,"31,37,43,49,55",3,3,0,2,2.0,1.0,few_peptides;majority_pairs_in_n<=2_peptides;low_class_counts;pep_w_unstable
test,unseen_peptide,finetuned_esmc_meanpool,global_auprc,,0.0,5,"31,37,43,49,55",3,3,0,2,2.0,1.0,few_peptides;majority_pairs_in_n<=2_peptides;low_class_counts;pep_w_unstable
test,unseen_peptide,finetuned_esmc_meanpool,pep_w_auroc,,0.0,5,"31,37,43,49,55",3,3,0,2,2.0,1.0,few_peptides;majority_pairs_in_n<=2_peptides;low_class_counts;pep_w_unstable
test,unseen_peptide,finetuned_esmc_meanpool,pep_w_auroc_min2each,,0.0,5,"31,37,43,49,55",3,3,0,2,2.0,1.0,few_peptides;majority_pairs_in_n<=2_peptides;low_class_counts;pep_w_unstable
test,unseen_peptide,onehot_composition,global_auroc,,0.0,5,"31,37,43,49,55",3,3,0,2,2.0,1.0,few_peptides;majority_pairs_in_n<=2_peptides;low_class_counts;pep_w_unstable
test,unseen_peptide,onehot_composition,global_auprc,,0.0,5,"31,37,43,49,55",3,3,0,2,2.0,1.0,few_peptides;majority_pairs_in_n<=2_peptides;low_class_counts;pep_w_unstable
test,unseen_peptide,onehot_composition,pep_w_auroc,,0.0,5,"31,37,43,49,55",3,3,0,2,2.0,1.0,few_peptides;majority_pairs_in_n<=2_peptides;low_class_counts;pep_w_unstable
test,unseen_peptide,onehot_composition,pep_w_auroc_min2each,,0.0,5,"31,37,43,49,55",3,3,0,2,2.0,1.0,few_peptides;majority_pairs_in_n<=2_peptides;low_class_counts;pep_w_unstable
test,unseen_peptide,onehot_vicreg,global_auroc,,0.0,5,"31,37,43,49,55",3,3,0,2,2.0,1.0,few_peptides;majority_pairs_in_n<=2_peptides;low_class_counts;pep_w_unstable
test,unseen_peptide,onehot_vicreg,global_auprc,,0.0,5,"31,37,43,49,55",3,3,0,2,2.0,1.0,few_peptides;majority_pairs_in_n<=2_peptides;low_class_counts;pep_w_unstable
test,unseen_peptide,onehot_vicreg,pep_w_auroc,,0.0,5,"31,37,43,49,55",3,3,0,2,2.0,1.0,few_peptides;majority_pairs_in_n<=2_peptides;low_class_counts;pep_w_unstable
test,unseen_peptide,onehot_vicreg,pep_w_auroc_min2each,,0.0,5,"31,37,43,49,55",3,3,0,2,2.0,1.0,few_peptides;majority_pairs_in_n<=2_peptides;low_class_counts;pep_w_unstable
test,unseen_peptide,pretrained_esmc_meanpool,global_auroc,,0.0,5,"31,37,43,49,55",3,3,0,2,2.0,1.0,few_peptides;majority_pairs_in_n<=2_peptides;low_class_counts;pep_w_unstable
test,unseen_peptide,pretrained_esmc_meanpool,global_auprc,,0.0,5,"31,37,43,49,55",3,3,0,2,2.0,1.0,few_peptides;majority_pairs_in_n<=2_peptides;low_class_counts;pep_w_unstable
test,unseen_peptide,pretrained_esmc_meanpool,pep_w_auroc,,0.0,5,"31,37,43,49,55",3,3,0,2,2.0,1.0,few_peptides;majority_pairs_in_n<=2_peptides;low_class_counts;pep_w_unstable
test,unseen_peptide,pretrained_esmc_meanpool,pep_w_auroc_min2each,,0.0,5,"31,37,43,49,55",3,3,0,2,2.0,1.0,few_peptides;majority_pairs_in_n<=2_peptides;low_class_counts;pep_w_unstable
val,ALL,esm_vicreg_finetuned,global_auroc,0.809098000171905,0.001813005653642662,5,"31,37,43,49,55",3342,1672,1670,349,265.0,0.13644524236983843,
val,ALL,esm_vicreg_finetuned,global_auprc,0.7994701257954892,0.0026999384719289697,5,"31,37,43,49,55",3342,1672,1670,349,265.0,0.13644524236983843,
val,ALL,esm_vicreg_finetuned,pep_w_auroc,0.799459665106465,0.005449568454492029,5,"31,37,43,49,55",3342,1672,1670,349,265.0,0.13644524236983843,
val,ALL,esm_vicreg_finetuned,pep_w_auroc_min2each,0.8027313583580277,0.005343038381810055,5,"31,37,43,49,55",3342,1672,1670,349,265.0,0.13644524236983843,
val,ALL,esm_vicreg_raw,global_auroc,0.8090139816061658,0.004440920925064651,5,"31,37,43,49,55",3342,1672,1670,349,265.0,0.13644524236983843,
val,ALL,esm_vicreg_raw,global_auprc,0.8029441279187596,0.00301563228329011,5,"31,37,43,49,55",3342,1672,1670,349,265.0,0.13644524236983843,
val,ALL,esm_vicreg_raw,pep_w_auroc,0.7965297959658969,0.005236553094438281,5,"31,37,43,49,55",3342,1672,1670,349,265.0,0.13644524236983843,
val,ALL,esm_vicreg_raw,pep_w_auroc_min2each,0.8022351266754741,0.005548919666941451,5,"31,37,43,49,55",3342,1672,1670,349,265.0,0.13644524236983843,
val,ALL,finetuned_esmc_meanpool,global_auroc,0.5260085092971951,0.0,5,"31,37,43,49,55",3342,1672,1670,349,265.0,0.13644524236983843,
val,ALL,finetuned_esmc_meanpool,global_auprc,0.5215752973321737,0.0,5,"31,37,43,49,55",3342,1672,1670,349,265.0,0.13644524236983843,
val,ALL,finetuned_esmc_meanpool,pep_w_auroc,0.5385146459884755,0.0,5,"31,37,43,49,55",3342,1672,1670,349,265.0,0.13644524236983843,
val,ALL,finetuned_esmc_meanpool,pep_w_auroc_min2each,0.52878276429257,0.0,5,"31,37,43,49,55",3342,1672,1670,349,265.0,0.13644524236983843,
val,ALL,onehot_composition,global_auroc,0.5042267140360428,0.0,5,"31,37,43,49,55",3342,1672,1670,349,265.0,0.13644524236983843,
val,ALL,onehot_composition,global_auprc,0.5006877936749485,0.0,5,"31,37,43,49,55",3342,1672,1670,349,265.0,0.13644524236983843,
val,ALL,onehot_composition,pep_w_auroc,0.49973975928109604,6.206335383118183e-17,5,"31,37,43,49,55",3342,1672,1670,349,265.0,0.13644524236983843,
val,ALL,onehot_composition,pep_w_auroc_min2each,0.5064347175556042,0.0,5,"31,37,43,49,55",3342,1672,1670,349,265.0,0.13644524236983843,
val,ALL,onehot_vicreg,global_auroc,0.7329251783514312,0.002207430133377544,5,"31,37,43,49,55",3342,1672,1670,349,265.0,0.13644524236983843,
val,ALL,onehot_vicreg,global_auprc,0.7213334086958312,0.0031025250688781363,5,"31,37,43,49,55",3342,1672,1670,349,265.0,0.13644524236983843,
val,ALL,onehot_vicreg,pep_w_auroc,0.749142174397979,0.004968336302162345,5,"31,37,43,49,55",3342,1672,1670,349,265.0,0.13644524236983843,
val,ALL,onehot_vicreg,pep_w_auroc_min2each,0.7667573229263065,0.006906076559400419,5,"31,37,43,49,55",3342,1672,1670,349,265.0,0.13644524236983843,
val,ALL,pretrained_esmc_meanpool,global_auroc,0.5007456379107813,0.0,5,"31,37,43,49,55",3342,1672,1670,349,265.0,0.13644524236983843,
val,ALL,pretrained_esmc_meanpool,global_auprc,0.5048849336729726,0.0,5,"31,37,43,49,55",3342,1672,1670,349,265.0,0.13644524236983843,
val,ALL,pretrained_esmc_meanpool,pep_w_auroc,0.49424645948250834,0.0,5,"31,37,43,49,55",3342,1672,1670,349,265.0,0.13644524236983843,
val,ALL,pretrained_esmc_meanpool,pep_w_auroc_min2each,0.5131203735856436,0.0,5,"31,37,43,49,55",3342,1672,1670,349,265.0,0.13644524236983843,
val,both_seen,esm_vicreg_finetuned,global_auroc,0.8333333333333334,0.058925565098878946,5,"31,37,43,49,55",10,4,6,5,4.0,0.7,majority_pairs_in_n<=2_peptides;low_class_counts
val,both_seen,esm_vicreg_finetuned,global_auprc,0.8373809523809523,0.07737912085744576,5,"31,37,43,49,55",10,4,6,5,4.0,0.7,majority_pairs_in_n<=2_peptides;low_class_counts
val,both_seen,esm_vicreg_finetuned,pep_w_auroc,0.7333333333333334,0.09938079899999064,5,"31,37,43,49,55",10,4,6,5,4.0,0.7,majority_pairs_in_n<=2_peptides;low_class_counts
val,both_seen,esm_vicreg_finetuned,pep_w_auroc_min2each,,0.0,5,"31,37,43,49,55",10,4,6,5,4.0,0.7,majority_pairs_in_n<=2_peptides;low_class_counts
val,both_seen,esm_vicreg_raw,global_auroc,0.825,0.05432668671002208,5,"31,37,43,49,55",10,4,6,5,4.0,0.7,majority_pairs_in_n<=2_peptides;low_class_counts
val,both_seen,esm_vicreg_raw,global_auprc,0.809404761904762,0.0518940437819732,5,"31,37,43,49,55",10,4,6,5,4.0,0.7,majority_pairs_in_n<=2_peptides;low_class_counts
val,both_seen,esm_vicreg_raw,pep_w_auroc,0.7333333333333334,0.18592445034090566,5,"31,37,43,49,55",10,4,6,5,4.0,0.7,majority_pairs_in_n<=2_peptides;low_class_counts
val,both_seen,esm_vicreg_raw,pep_w_auroc_min2each,,0.0,5,"31,37,43,49,55",10,4,6,5,4.0,0.7,majority_pairs_in_n<=2_peptides;low_class_counts
val,both_seen,finetuned_esmc_meanpool,global_auroc,0.5416666666666667,0.0,5,"31,37,43,49,55",10,4,6,5,4.0,0.7,majority_pairs_in_n<=2_peptides;low_class_counts
val,both_seen,finetuned_esmc_meanpool,global_auprc,0.5932539682539683,0.0,5,"31,37,43,49,55",10,4,6,5,4.0,0.7,majority_pairs_in_n<=2_peptides;low_class_counts
val,both_seen,finetuned_esmc_meanpool,pep_w_auroc,0.3888888888888889,0.0,5,"31,37,43,49,55",10,4,6,5,4.0,0.7,majority_pairs_in_n<=2_peptides;low_class_counts
val,both_seen,finetuned_esmc_meanpool,pep_w_auroc_min2each,,0.0,5,"31,37,43,49,55",10,4,6,5,4.0,0.7,majority_pairs_in_n<=2_peptides;low_class_counts
val,both_seen,onehot_composition,global_auroc,0.625,0.0,5,"31,37,43,49,55",10,4,6,5,4.0,0.7,majority_pairs_in_n<=2_peptides;low_class_counts
val,both_seen,onehot_composition,global_auprc,0.5416666666666666,0.0,5,"31,37,43,49,55",10,4,6,5,4.0,0.7,majority_pairs_in_n<=2_peptides;low_class_counts
val,both_seen,onehot_composition,pep_w_auroc,0.7777777777777778,0.0,5,"31,37,43,49,55",10,4,6,5,4.0,0.7,majority_pairs_in_n<=2_peptides;low_class_counts
val,both_seen,onehot_composition,pep_w_auroc_min2each,,0.0,5,"31,37,43,49,55",10,4,6,5,4.0,0.7,majority_pairs_in_n<=2_peptides;low_class_counts
val,both_seen,onehot_vicreg,global_auroc,0.825,0.11562030771259674,5,"31,37,43,49,55",10,4,6,5,4.0,0.7,majority_pairs_in_n<=2_peptides;low_class_counts
val,both_seen,onehot_vicreg,global_auprc,0.799047619047619,0.16983207909786344,5,"31,37,43,49,55",10,4,6,5,4.0,0.7,majority_pairs_in_n<=2_peptides;low_class_counts
val,both_seen,onehot_vicreg,pep_w_auroc,0.8666666666666666,0.2981423969999719,5,"31,37,43,49,55",10,4,6,5,4.0,0.7,majority_pairs_in_n<=2_peptides;low_class_counts
val,both_seen,onehot_vicreg,pep_w_auroc_min2each,,0.0,5,"31,37,43,49,55",10,4,6,5,4.0,0.7,majority_pairs_in_n<=2_peptides;low_class_counts
val,both_seen,pretrained_esmc_meanpool,global_auroc,0.5833333333333333,0.0,5,"31,37,43,49,55",10,4,6,5,4.0,0.7,majority_pairs_in_n<=2_peptides;low_class_counts
val,both_seen,pretrained_esmc_meanpool,global_auprc,0.7048611111111112,0.0,5,"31,37,43,49,55",10,4,6,5,4.0,0.7,majority_pairs_in_n<=2_peptides;low_class_counts
val,both_seen,pretrained_esmc_meanpool,pep_w_auroc,0.4444444444444445,6.206335383118183e-17,5,"31,37,43,49,55",10,4,6,5,4.0,0.7,majority_pairs_in_n<=2_peptides;low_class_counts
val,both_seen,pretrained_esmc_meanpool,pep_w_auroc_min2each,,0.0,5,"31,37,43,49,55",10,4,6,5,4.0,0.7,majority_pairs_in_n<=2_peptides;low_class_counts
val,completely_unseen,esm_vicreg_finetuned,global_auroc,0.7465982905982906,0.016632377614085207,5,"31,37,43,49,55",217,100,117,88,69.0,0.4792626728110599,
val,completely_unseen,esm_vicreg_finetuned,global_auprc,0.6838701849633997,0.01406722641327934,5,"31,37,43,49,55",217,100,117,88,69.0,0.4792626728110599,
val,completely_unseen,esm_vicreg_finetuned,pep_w_auroc,0.7421948998178506,0.014337741022039392,5,"31,37,43,49,55",217,100,117,88,69.0,0.4792626728110599,
val,completely_unseen,esm_vicreg_finetuned,pep_w_auroc_min2each,0.7175160256410257,0.016437183687019387,5,"31,37,43,49,55",217,100,117,88,69.0,0.4792626728110599,
val,completely_unseen,esm_vicreg_raw,global_auroc,0.7308888888888887,0.026579245263249496,5,"31,37,43,49,55",217,100,117,88,69.0,0.4792626728110599,
val,completely_unseen,esm_vicreg_raw,global_auprc,0.7135672165951255,0.015791941647788,5,"31,37,43,49,55",217,100,117,88,69.0,0.4792626728110599,
val,completely_unseen,esm_vicreg_raw,pep_w_auroc,0.7211839708561021,0.042652257839671776,5,"31,37,43,49,55",217,100,117,88,69.0,0.4792626728110599,
val,completely_unseen,esm_vicreg_raw,pep_w_auroc_min2each,0.699775641025641,0.0630305595254351,5,"31,37,43,49,55",217,100,117,88,69.0,0.4792626728110599,
val,completely_unseen,finetuned_esmc_meanpool,global_auroc,0.524957264957265,0.0,5,"31,37,43,49,55",217,100,117,88,69.0,0.4792626728110599,
val,completely_unseen,finetuned_esmc_meanpool,global_auprc,0.4867323182061466,6.206335383118183e-17,5,"31,37,43,49,55",217,100,117,88,69.0,0.4792626728110599,
val,completely_unseen,finetuned_esmc_meanpool,pep_w_auroc,0.6706739526411658,0.0,5,"31,37,43,49,55",217,100,117,88,69.0,0.4792626728110599,
val,completely_unseen,finetuned_esmc_meanpool,pep_w_auroc_min2each,0.6512820512820513,0.0,5,"31,37,43,49,55",217,100,117,88,69.0,0.4792626728110599,
val,completely_unseen,onehot_composition,global_auroc,0.5112820512820513,0.0,5,"31,37,43,49,55",217,100,117,88,69.0,0.4792626728110599,
val,completely_unseen,onehot_composition,global_auprc,0.4757195162243928,0.0,5,"31,37,43,49,55",217,100,117,88,69.0,0.4792626728110599,
val,completely_unseen,onehot_composition,pep_w_auroc,0.4099271402550091,0.0,5,"31,37,43,49,55",217,100,117,88,69.0,0.4792626728110599,
val,completely_unseen,onehot_composition,pep_w_auroc_min2each,0.3703525641025641,0.0,5,"31,37,43,49,55",217,100,117,88,69.0,0.4792626728110599,
val,completely_unseen,onehot_vicreg,global_auroc,0.6229059829059829,0.02791255927012791,5,"31,37,43,49,55",217,100,117,88,69.0,0.4792626728110599,
val,completely_unseen,onehot_vicreg,global_auprc,0.576188032673146,0.02911364143033554,5,"31,37,43,49,55",217,100,117,88,69.0,0.4792626728110599,
val,completely_unseen,onehot_vicreg,pep_w_auroc,0.6486885245901639,0.06731883342738079,5,"31,37,43,49,55",217,100,117,88,69.0,0.4792626728110599,
val,completely_unseen,onehot_vicreg,pep_w_auroc_min2each,0.6106730769230768,0.08351560671740585,5,"31,37,43,49,55",217,100,117,88,69.0,0.4792626728110599,
val,completely_unseen,pretrained_esmc_meanpool,global_auroc,0.42735042735042744,6.206335383118183e-17,5,"31,37,43,49,55",217,100,117,88,69.0,0.4792626728110599,
val,completely_unseen,pretrained_esmc_meanpool,global_auprc,0.48068431431455927,6.206335383118183e-17,5,"31,37,43,49,55",217,100,117,88,69.0,0.4792626728110599,
val,completely_unseen,pretrained_esmc_meanpool,pep_w_auroc,0.39207650273224043,0.0,5,"31,37,43,49,55",217,100,117,88,69.0,0.4792626728110599,
val,completely_unseen,pretrained_esmc_meanpool,pep_w_auroc_min2each,0.30528846153846156,0.0,5,"31,37,43,49,55",217,100,117,88,69.0,0.4792626728110599,
val,unseen_HLA,esm_vicreg_finetuned,global_auroc,0.8050397877984086,0.12528769950789972,5,"31,37,43,49,55",55,29,26,26,24.0,0.8181818181818182,majority_pairs_in_n<=2_peptides
val,unseen_HLA,esm_vicreg_finetuned,global_auprc,0.7501353472761918,0.1280727385441246,5,"31,37,43,49,55",55,29,26,26,24.0,0.8181818181818182,majority_pairs_in_n<=2_peptides
val,unseen_HLA,esm_vicreg_finetuned,pep_w_auroc,0.8333333333333334,0.12229989761755711,5,"31,37,43,49,55",55,29,26,26,24.0,0.8181818181818182,majority_pairs_in_n<=2_peptides
val,unseen_HLA,esm_vicreg_finetuned,pep_w_auroc_min2each,0.8933333333333333,0.1382429423555181,5,"31,37,43,49,55",55,29,26,26,24.0,0.8181818181818182,majority_pairs_in_n<=2_peptides
val,unseen_HLA,esm_vicreg_raw,global_auroc,0.8063660477453581,0.13177111750646717,5,"31,37,43,49,55",55,29,26,26,24.0,0.8181818181818182,majority_pairs_in_n<=2_peptides
val,unseen_HLA,esm_vicreg_raw,global_auprc,0.7918653325486653,0.1266701488800405,5,"31,37,43,49,55",55,29,26,26,24.0,0.8181818181818182,majority_pairs_in_n<=2_peptides
val,unseen_HLA,esm_vicreg_raw,pep_w_auroc,0.8333333333333334,0.18062824107186373,5,"31,37,43,49,55",55,29,26,26,24.0,0.8181818181818182,majority_pairs_in_n<=2_peptides
val,unseen_HLA,esm_vicreg_raw,pep_w_auroc_min2each,0.8933333333333333,0.05962847939999436,5,"31,37,43,49,55",55,29,26,26,24.0,0.8181818181818182,majority_pairs_in_n<=2_peptides
val,unseen_HLA,finetuned_esmc_meanpool,global_auroc,0.506631299734748,0.0,5,"31,37,43,49,55",55,29,26,26,24.0,0.8181818181818182,majority_pairs_in_n<=2_peptides
val,unseen_HLA,finetuned_esmc_meanpool,global_auprc,0.5516985433666662,0.0,5,"31,37,43,49,55",55,29,26,26,24.0,0.8181818181818182,majority_pairs_in_n<=2_peptides
val,unseen_HLA,finetuned_esmc_meanpool,pep_w_auroc,0.37179487179487186,0.0,5,"31,37,43,49,55",55,29,26,26,24.0,0.8181818181818182,majority_pairs_in_n<=2_peptides
val,unseen_HLA,finetuned_esmc_meanpool,pep_w_auroc_min2each,0.5333333333333334,0.0,5,"31,37,43,49,55",55,29,26,26,24.0,0.8181818181818182,majority_pairs_in_n<=2_peptides
val,unseen_HLA,onehot_composition,global_auroc,0.4496021220159151,0.0,5,"31,37,43,49,55",55,29,26,26,24.0,0.8181818181818182,majority_pairs_in_n<=2_peptides
val,unseen_HLA,onehot_composition,global_auprc,0.501008038817989,0.0,5,"31,37,43,49,55",55,29,26,26,24.0,0.8181818181818182,majority_pairs_in_n<=2_peptides
val,unseen_HLA,onehot_composition,pep_w_auroc,0.3076923076923077,0.0,5,"31,37,43,49,55",55,29,26,26,24.0,0.8181818181818182,majority_pairs_in_n<=2_peptides
val,unseen_HLA,onehot_composition,pep_w_auroc_min2each,0.6,0.0,5,"31,37,43,49,55",55,29,26,26,24.0,0.8181818181818182,majority_pairs_in_n<=2_peptides
val,unseen_HLA,onehot_vicreg,global_auroc,0.4657824933687003,0.1043388180105889,5,"31,37,43,49,55",55,29,26,26,24.0,0.8181818181818182,majority_pairs_in_n<=2_peptides
val,unseen_HLA,onehot_vicreg,global_auprc,0.5075343243715922,0.0596449998730498,5,"31,37,43,49,55",55,29,26,26,24.0,0.8181818181818182,majority_pairs_in_n<=2_peptides
val,unseen_HLA,onehot_vicreg,pep_w_auroc,0.4384615384615385,0.09568260593356559,5,"31,37,43,49,55",55,29,26,26,24.0,0.8181818181818182,majority_pairs_in_n<=2_peptides
val,unseen_HLA,onehot_vicreg,pep_w_auroc_min2each,0.8,0.0471404520791032,5,"31,37,43,49,55",55,29,26,26,24.0,0.8181818181818182,majority_pairs_in_n<=2_peptides
val,unseen_HLA,pretrained_esmc_meanpool,global_auroc,0.4283819628647215,0.0,5,"31,37,43,49,55",55,29,26,26,24.0,0.8181818181818182,majority_pairs_in_n<=2_peptides
val,unseen_HLA,pretrained_esmc_meanpool,global_auprc,0.507834225087629,0.0,5,"31,37,43,49,55",55,29,26,26,24.0,0.8181818181818182,majority_pairs_in_n<=2_peptides
val,unseen_HLA,pretrained_esmc_meanpool,pep_w_auroc,0.358974358974359,0.0,5,"31,37,43,49,55",55,29,26,26,24.0,0.8181818181818182,majority_pairs_in_n<=2_peptides
val,unseen_HLA,pretrained_esmc_meanpool,pep_w_auroc_min2each,0.8666666666666668,0.0,5,"31,37,43,49,55",55,29,26,26,24.0,0.8181818181818182,majority_pairs_in_n<=2_peptides
val,unseen_TCR,esm_vicreg_finetuned,global_auroc,0.8126201577605776,0.0027169314203974223,5,"31,37,43,49,55",3049,1533,1516,229,166.0,0.09708101016726796,
val,unseen_TCR,esm_vicreg_finetuned,global_auprc,0.8057554118528586,0.003402069730215702,5,"31,37,43,49,55",3049,1533,1516,229,166.0,0.09708101016726796,
val,unseen_TCR,esm_vicreg_finetuned,pep_w_auroc,0.8016966863566383,0.006995078024133023,5,"31,37,43,49,55",3049,1533,1516,229,166.0,0.09708101016726796,
val,unseen_TCR,esm_vicreg_finetuned,pep_w_auroc_min2each,0.8056796146702109,0.005701502557140147,5,"31,37,43,49,55",3049,1533,1516,229,166.0,0.09708101016726796,
val,unseen_TCR,esm_vicreg_raw,global_auroc,0.8126707595605561,0.003641670731424791,5,"31,37,43,49,55",3049,1533,1516,229,166.0,0.09708101016726796,
val,unseen_TCR,esm_vicreg_raw,global_auprc,0.8080472101704854,0.002411051844790691,5,"31,37,43,49,55",3049,1533,1516,229,166.0,0.09708101016726796,
val,unseen_TCR,esm_vicreg_raw,pep_w_auroc,0.7998184998476466,0.0034612920305675246,5,"31,37,43,49,55",3049,1533,1516,229,166.0,0.09708101016726796,
val,unseen_TCR,esm_vicreg_raw,pep_w_auroc_min2each,0.8058629709874985,0.004165236400331129,5,"31,37,43,49,55",3049,1533,1516,229,166.0,0.09708101016726796,
val,unseen_TCR,finetuned_esmc_meanpool,global_auroc,0.5254523611591598,0.0,5,"31,37,43,49,55",3049,1533,1516,229,166.0,0.09708101016726796,
val,unseen_TCR,finetuned_esmc_meanpool,global_auprc,0.5230218094066728,0.0,5,"31,37,43,49,55",3049,1533,1516,229,166.0,0.09708101016726796,
val,unseen_TCR,finetuned_esmc_meanpool,pep_w_auroc,0.5336357445457425,0.0,5,"31,37,43,49,55",3049,1533,1516,229,166.0,0.09708101016726796,
val,unseen_TCR,finetuned_esmc_meanpool,pep_w_auroc_min2each,0.5238404192060664,0.0,5,"31,37,43,49,55",3049,1533,1516,229,166.0,0.09708101016726796,
val,unseen_TCR,onehot_composition,global_auroc,0.505301140950109,0.0,5,"31,37,43,49,55",3049,1533,1516,229,166.0,0.09708101016726796,
val,unseen_TCR,onehot_composition,global_auprc,0.5048713213272358,0.0,5,"31,37,43,49,55",3049,1533,1516,229,166.0,0.09708101016726796,
val,unseen_TCR,onehot_composition,pep_w_auroc,0.5073288467470998,0.0,5,"31,37,43,49,55",3049,1533,1516,229,166.0,0.09708101016726796,
val,unseen_TCR,onehot_composition,pep_w_auroc_min2each,0.510360591299402,0.0,5,"31,37,43,49,55",3049,1533,1516,229,166.0,0.09708101016726796,
val,unseen_TCR,onehot_vicreg,global_auroc,0.7414337520890454,0.0020341515987553345,5,"31,37,43,49,55",3049,1533,1516,229,166.0,0.09708101016726796,
val,unseen_TCR,onehot_vicreg,global_auprc,0.7299409360445885,0.004662656212997751,5,"31,37,43,49,55",3049,1533,1516,229,166.0,0.09708101016726796,
val,unseen_TCR,onehot_vicreg,pep_w_auroc,0.7604451486893683,0.004933126458743525,5,"31,37,43,49,55",3049,1533,1516,229,166.0,0.09708101016726796,
val,unseen_TCR,onehot_vicreg,pep_w_auroc_min2each,0.7726491603506005,0.004794664827666309,5,"31,37,43,49,55",3049,1533,1516,229,166.0,0.09708101016726796,
val,unseen_TCR,pretrained_esmc_meanpool,global_auroc,0.5056126690384108,0.0,5,"31,37,43,49,55",3049,1533,1516,229,166.0,0.09708101016726796,
val,unseen_TCR,pretrained_esmc_meanpool,global_auprc,0.5063822383354412,0.0,5,"31,37,43,49,55",3049,1533,1516,229,166.0,0.09708101016726796,
val,unseen_TCR,pretrained_esmc_meanpool,pep_w_auroc,0.5016605505742295,0.0,5,"31,37,43,49,55",3049,1533,1516,229,166.0,0.09708101016726796,
val,unseen_TCR,pretrained_esmc_meanpool,pep_w_auroc_min2each,0.5197047892767267,0.0,5,"31,37,43,49,55",3049,1533,1516,229,166.0,0.09708101016726796,
val,unseen_peptide,esm_vicreg_finetuned,global_auroc,1.0,0.0,5,"31,37,43,49,55",11,6,5,6,6.0,1.0,majority_pairs_in_n<=2_peptides;low_class_counts
val,unseen_peptide,esm_vicreg_finetuned,global_auprc,1.0,0.0,5,"31,37,43,49,55",11,6,5,6,6.0,1.0,majority_pairs_in_n<=2_peptides;low_class_counts
val,unseen_peptide,esm_vicreg_finetuned,pep_w_auroc,1.0,0.0,5,"31,37,43,49,55",11,6,5,6,6.0,1.0,majority_pairs_in_n<=2_peptides;low_class_counts
val,unseen_peptide,esm_vicreg_finetuned,pep_w_auroc_min2each,,0.0,5,"31,37,43,49,55",11,6,5,6,6.0,1.0,majority_pairs_in_n<=2_peptides;low_class_counts
val,unseen_peptide,esm_vicreg_raw,global_auroc,0.9866666666666667,0.018257418583505474,5,"31,37,43,49,55",11,6,5,6,6.0,1.0,majority_pairs_in_n<=2_peptides;low_class_counts
val,unseen_peptide,esm_vicreg_raw,global_auprc,0.9904761904761905,0.013041013273932601,5,"31,37,43,49,55",11,6,5,6,6.0,1.0,majority_pairs_in_n<=2_peptides;low_class_counts
val,unseen_peptide,esm_vicreg_raw,pep_w_auroc,1.0,0.0,5,"31,37,43,49,55",11,6,5,6,6.0,1.0,majority_pairs_in_n<=2_peptides;low_class_counts
val,unseen_peptide,esm_vicreg_raw,pep_w_auroc_min2each,,0.0,5,"31,37,43,49,55",11,6,5,6,6.0,1.0,majority_pairs_in_n<=2_peptides;low_class_counts
val,unseen_peptide,finetuned_esmc_meanpool,global_auroc,0.4333333333333334,6.206335383118183e-17,5,"31,37,43,49,55",11,6,5,6,6.0,1.0,majority_pairs_in_n<=2_peptides;low_class_counts
val,unseen_peptide,finetuned_esmc_meanpool,global_auprc,0.5327380952380952,0.0,5,"31,37,43,49,55",11,6,5,6,6.0,1.0,majority_pairs_in_n<=2_peptides;low_class_counts
val,unseen_peptide,finetuned_esmc_meanpool,pep_w_auroc,0.4,0.0,5,"31,37,43,49,55",11,6,5,6,6.0,1.0,majority_pairs_in_n<=2_peptides;low_class_counts
val,unseen_peptide,finetuned_esmc_meanpool,pep_w_auroc_min2each,,0.0,5,"31,37,43,49,55",11,6,5,6,6.0,1.0,majority_pairs_in_n<=2_peptides;low_class_counts
val,unseen_peptide,onehot_composition,global_auroc,0.5,0.0,5,"31,37,43,49,55",11,6,5,6,6.0,1.0,majority_pairs_in_n<=2_peptides;low_class_counts
val,unseen_peptide,onehot_composition,global_auprc,0.6327380952380952,0.0,5,"31,37,43,49,55",11,6,5,6,6.0,1.0,majority_pairs_in_n<=2_peptides;low_class_counts
val,unseen_peptide,onehot_composition,pep_w_auroc,0.6,0.0,5,"31,37,43,49,55",11,6,5,6,6.0,1.0,majority_pairs_in_n<=2_peptides;low_class_counts
val,unseen_peptide,onehot_composition,pep_w_auroc_min2each,,0.0,5,"31,37,43,49,55",11,6,5,6,6.0,1.0,majority_pairs_in_n<=2_peptides;low_class_counts
val,unseen_peptide,onehot_vicreg,global_auroc,0.7466666666666666,0.25668831077571275,5,"31,37,43,49,55",11,6,5,6,6.0,1.0,majority_pairs_in_n<=2_peptides;low_class_counts
val,unseen_peptide,onehot_vicreg,global_auprc,0.7862109187109187,0.15052296671619722,5,"31,37,43,49,55",11,6,5,6,6.0,1.0,majority_pairs_in_n<=2_peptides;low_class_counts
val,unseen_peptide,onehot_vicreg,pep_w_auroc,0.8,0.2449489742783178,5,"31,37,43,49,55",11,6,5,6,6.0,1.0,majority_pairs_in_n<=2_peptides;low_class_counts
val,unseen_peptide,onehot_vicreg,pep_w_auroc_min2each,,0.0,5,"31,37,43,49,55",11,6,5,6,6.0,1.0,majority_pairs_in_n<=2_peptides;low_class_counts
val,unseen_peptide,pretrained_esmc_meanpool,global_auroc,0.6666666666666666,0.0,5,"31,37,43,49,55",11,6,5,6,6.0,1.0,majority_pairs_in_n<=2_peptides;low_class_counts
val,unseen_peptide,pretrained_esmc_meanpool,global_auprc,0.7051587301587301,0.0,5,"31,37,43,49,55",11,6,5,6,6.0,1.0,majority_pairs_in_n<=2_peptides;low_class_counts
val,unseen_peptide,pretrained_esmc_meanpool,pep_w_auroc,0.8,0.0,5,"31,37,43,49,55",11,6,5,6,6.0,1.0,majority_pairs_in_n<=2_peptides;low_class_counts
val,unseen_peptide,pretrained_esmc_meanpool,pep_w_auroc_min2each,,0.0,5,"31,37,43,49,55",11,6,5,6,6.0,1.0,majority_pairs_in_n<=2_peptides;low_class_counts
