model,model_label,split,stage,side,metric,peptide_balanced_mean,ci_low,ci_high,n_peptides
lora_esmc_vicreg,LoRA ESMC + VICReg,immrep_test,final_latent,hla,mean_latent_norm,3.243844578206663,2.9294068155794797,3.5582823408338458,20
lora_esmc_vicreg,LoRA ESMC + VICReg,immrep_test,final_latent,hla,covariance_trace,0.0,0.0,0.0,20
lora_esmc_vicreg,LoRA ESMC + VICReg,immrep_test,final_latent,hla,mean_var_per_dim,0.0,0.0,0.0,20
lora_esmc_vicreg,LoRA ESMC + VICReg,immrep_test,final_latent,hla,median_pairwise_cosine,4.4408920985006264e-17,2.6645352591003756e-17,6.217248937900878e-17,20
lora_esmc_vicreg,LoRA ESMC + VICReg,immrep_test,final_latent,peptide,mean_latent_norm,3.255403219124569,3.057104673872949,3.4569916304641723,20
lora_esmc_vicreg,LoRA ESMC + VICReg,immrep_test,final_latent,peptide,covariance_trace,0.0,0.0,0.0,20
lora_esmc_vicreg,LoRA ESMC + VICReg,immrep_test,final_latent,peptide,mean_var_per_dim,0.0,0.0,0.0,20
lora_esmc_vicreg,LoRA ESMC + VICReg,immrep_test,final_latent,peptide,median_pairwise_cosine,-5.329070518200751e-17,-7.771561172376095e-17,-2.886579864025407e-17,20
lora_esmc_vicreg,LoRA ESMC + VICReg,immrep_test,final_latent,pmhc,mean_latent_norm,4.673955722046651,4.431904384095729,4.9185493092150745,20
lora_esmc_vicreg,LoRA ESMC + VICReg,immrep_test,final_latent,pmhc,covariance_trace,0.0,0.0,0.0,20
lora_esmc_vicreg,LoRA ESMC + VICReg,immrep_test,final_latent,pmhc,mean_var_per_dim,0.0,0.0,0.0,20
lora_esmc_vicreg,LoRA ESMC + VICReg,immrep_test,final_latent,pmhc,median_pairwise_cosine,-2.997602166487923e-17,-4.9960036108132046e-17,-9.992007221626408e-18,20
lora_esmc_vicreg,LoRA ESMC + VICReg,immrep_test,final_latent,tcr,mean_latent_norm,5.447277854562273,5.423414561320056,5.47114114780449,20
lora_esmc_vicreg,LoRA ESMC + VICReg,immrep_test,final_latent,tcr,covariance_trace,14.814130049723747,14.37226879094188,15.25599130850562,20
lora_esmc_vicreg,LoRA ESMC + VICReg,immrep_test,final_latent,tcr,mean_var_per_dim,0.05786769550673339,0.05614167496461671,0.059593716048850075,20
lora_esmc_vicreg,LoRA ESMC + VICReg,immrep_test,final_latent,tcr,median_pairwise_cosine,0.3228931967553139,0.3062578985373345,0.33961700626899977,20
lora_esmc_vicreg,LoRA ESMC + VICReg,immrep_test,input,hla,mean_latent_norm,1.1340467915720946,1.0824881499902577,1.1852851931441066,20
lora_esmc_vicreg,LoRA ESMC + VICReg,immrep_test,input,hla,covariance_trace,0.0,0.0,0.0,20
lora_esmc_vicreg,LoRA ESMC + VICReg,immrep_test,input,hla,mean_var_per_dim,0.0,0.0,0.0,20
lora_esmc_vicreg,LoRA ESMC + VICReg,immrep_test,input,hla,median_pairwise_cosine,-1.1102230246251565e-16,-1.6653345369377348e-16,-6.661338147750939e-17,20
lora_esmc_vicreg,LoRA ESMC + VICReg,immrep_test,input,peptide,mean_latent_norm,1.1133909123449006,1.0975132077034102,1.1303914812184535,20
lora_esmc_vicreg,LoRA ESMC + VICReg,immrep_test,input,peptide,covariance_trace,0.0,0.0,0.0,20
lora_esmc_vicreg,LoRA ESMC + VICReg,immrep_test,input,peptide,mean_var_per_dim,0.0,0.0,0.0,20
lora_esmc_vicreg,LoRA ESMC + VICReg,immrep_test,input,peptide,median_pairwise_cosine,-6.106226635438361e-17,-1.5001888620247428e-16,2.7755575615628914e-17,20
lora_esmc_vicreg,LoRA ESMC + VICReg,immrep_test,input,pmhc,mean_latent_norm,1.591874746453423,1.5479468114342856,1.6343127579507042,20
lora_esmc_vicreg,LoRA ESMC + VICReg,immrep_test,input,pmhc,covariance_trace,0.0,0.0,0.0,20
lora_esmc_vicreg,LoRA ESMC + VICReg,immrep_test,input,pmhc,mean_var_per_dim,0.0,0.0,0.0,20
lora_esmc_vicreg,LoRA ESMC + VICReg,immrep_test,input,pmhc,median_pairwise_cosine,4.9960036108132046e-17,0.0,9.43689570931383e-17,20
lora_esmc_vicreg,LoRA ESMC + VICReg,immrep_test,input,tcr,mean_latent_norm,0.9189777750710639,0.9185825082522049,0.9193730418899231,20
lora_esmc_vicreg,LoRA ESMC + VICReg,immrep_test,input,tcr,covariance_trace,0.016650876667978983,0.01640235560587166,0.016849693517664844,20
lora_esmc_vicreg,LoRA ESMC + VICReg,immrep_test,input,tcr,mean_var_per_dim,1.734466319581144e-05,1.708578708944965e-05,1.755176408090088e-05,20
lora_esmc_vicreg,LoRA ESMC + VICReg,immrep_test,input,tcr,median_pairwise_cosine,0.01748670585450674,0.017251883413692288,0.01772849832818559,20
lora_esmc_vicreg,LoRA ESMC + VICReg,immrep_test,pre_expander,hla,mean_latent_norm,2.516408075777999,2.3957174131089847,2.636349107001864,20
lora_esmc_vicreg,LoRA ESMC + VICReg,immrep_test,pre_expander,hla,covariance_trace,0.0,0.0,0.0,20
lora_esmc_vicreg,LoRA ESMC + VICReg,immrep_test,pre_expander,hla,mean_var_per_dim,0.0,0.0,0.0,20
lora_esmc_vicreg,LoRA ESMC + VICReg,immrep_test,pre_expander,hla,median_pairwise_cosine,-2.2204460492503132e-17,-4.8849813083506894e-17,4.440892098500627e-18,20
lora_esmc_vicreg,LoRA ESMC + VICReg,immrep_test,pre_expander,peptide,mean_latent_norm,0.6132750725041376,0.5912588089175125,0.6388381277881824,20
lora_esmc_vicreg,LoRA ESMC + VICReg,immrep_test,pre_expander,peptide,covariance_trace,0.0,0.0,0.0,20
lora_esmc_vicreg,LoRA ESMC + VICReg,immrep_test,pre_expander,peptide,mean_var_per_dim,0.0,0.0,0.0,20
lora_esmc_vicreg,LoRA ESMC + VICReg,immrep_test,pre_expander,peptide,median_pairwise_cosine,-3.33066907387547e-17,-7.216449660063518e-17,3.3306690738754683e-18,20
lora_esmc_vicreg,LoRA ESMC + VICReg,immrep_test,pre_expander,pmhc,mean_latent_norm,2.5926384679447523,2.472791542403526,2.7324837646651114,20
lora_esmc_vicreg,LoRA ESMC + VICReg,immrep_test,pre_expander,pmhc,covariance_trace,0.0,0.0,0.0,20
lora_esmc_vicreg,LoRA ESMC + VICReg,immrep_test,pre_expander,pmhc,mean_var_per_dim,0.0,0.0,0.0,20
lora_esmc_vicreg,LoRA ESMC + VICReg,immrep_test,pre_expander,pmhc,median_pairwise_cosine,-6.6613381477509405e-18,-3.4444669338995485e-17,2.331468351712829e-17,20
lora_esmc_vicreg,LoRA ESMC + VICReg,immrep_test,pre_expander,tcr,mean_latent_norm,2.437423005017748,2.4301987139542574,2.4446472960812384,20
lora_esmc_vicreg,LoRA ESMC + VICReg,immrep_test,pre_expander,tcr,covariance_trace,2.821141275736019,2.8154280033035506,2.8268545481684866,20
lora_esmc_vicreg,LoRA ESMC + VICReg,immrep_test,pre_expander,tcr,mean_var_per_dim,0.011020083108343823,0.010997765637904494,0.01104240057878315,20
lora_esmc_vicreg,LoRA ESMC + VICReg,immrep_test,pre_expander,tcr,median_pairwise_cosine,0.4641554881121527,0.46004128641436837,0.468222402247406,20
lora_esmc_vicreg,LoRA ESMC + VICReg,test,final_latent,hla,mean_latent_norm,3.0046717577875155,2.930324538564246,3.080475302126219,381
lora_esmc_vicreg,LoRA ESMC + VICReg,test,final_latent,hla,covariance_trace,0.026460367467211855,9.64335033548576e-05,0.07281129478980243,313
lora_esmc_vicreg,LoRA ESMC + VICReg,test,final_latent,hla,mean_var_per_dim,0.0003436411359378163,1.252384903581761e-06,0.0010262554536603905,313
lora_esmc_vicreg,LoRA ESMC + VICReg,test,final_latent,hla,median_pairwise_cosine,0.0012795594296597112,3.390968726970127e-17,0.003761648055131486,313
lora_esmc_vicreg,LoRA ESMC + VICReg,test,final_latent,peptide,mean_latent_norm,3.865045608929115,3.762069527004247,3.974515020955917,381
lora_esmc_vicreg,LoRA ESMC + VICReg,test,final_latent,peptide,covariance_trace,1.2895427996565602e-08,5.918513182761855e-18,3.655741343095391e-08,313
lora_esmc_vicreg,LoRA ESMC + VICReg,test,final_latent,peptide,mean_var_per_dim,7.20414971875173e-11,3.3064319456770143e-20,2.0423135984615892e-10,313
lora_esmc_vicreg,LoRA ESMC + VICReg,test,final_latent,peptide,median_pairwise_cosine,-1.8160836696743775e-17,-2.575327242904457e-17,-1.0568400964442992e-17,313
lora_esmc_vicreg,LoRA ESMC + VICReg,test,final_latent,pmhc,mean_latent_norm,4.999429352911687,4.916028400945825,5.087668758628378,381
lora_esmc_vicreg,LoRA ESMC + VICReg,test,final_latent,pmhc,covariance_trace,0.02646038036263985,9.644193132962927e-05,0.07288266853789653,313
lora_esmc_vicreg,LoRA ESMC + VICReg,test,final_latent,pmhc,mean_var_per_dim,0.00010336086079156192,3.7667818873574425e-07,0.0002845101086339684,313
lora_esmc_vicreg,LoRA ESMC + VICReg,test,final_latent,pmhc,median_pairwise_cosine,0.0020243729990844666,-7.59243573230079e-18,0.006054845887002556,313
lora_esmc_vicreg,LoRA ESMC + VICReg,test,final_latent,tcr,mean_latent_norm,5.629630417408633,5.558010167499297,5.702368003607049,381
lora_esmc_vicreg,LoRA ESMC + VICReg,test,final_latent,tcr,covariance_trace,30.38067954147471,28.913936825807646,31.930214762898427,313
lora_esmc_vicreg,LoRA ESMC + VICReg,test,final_latent,tcr,mean_var_per_dim,0.11867452945888558,0.11321643469520086,0.12462686570510942,313
lora_esmc_vicreg,LoRA ESMC + VICReg,test,final_latent,tcr,median_pairwise_cosine,0.9301712380322967,0.8899931147239032,0.9704902764096516,313
lora_esmc_vicreg,LoRA ESMC + VICReg,test,input,hla,mean_latent_norm,1.2046854327348033,1.1951503618354515,1.2139724422783076,381
lora_esmc_vicreg,LoRA ESMC + VICReg,test,input,hla,covariance_trace,3.672906010208653e-05,1.0649603611748755e-06,0.00010144706063696013,313
lora_esmc_vicreg,LoRA ESMC + VICReg,test,input,hla,mean_var_per_dim,3.8259437606340133e-08,1.1092943527704414e-09,1.0622780244803712e-07,313
lora_esmc_vicreg,LoRA ESMC + VICReg,test,input,hla,median_pairwise_cosine,4.207028511304129e-06,-1.440097597437104e-16,1.088942591228927e-05,313
lora_esmc_vicreg,LoRA ESMC + VICReg,test,input,peptide,mean_latent_norm,1.113519109293806,1.1091637840920407,1.1178503943106854,381
lora_esmc_vicreg,LoRA ESMC + VICReg,test,input,peptide,covariance_trace,2.377272197882423e-09,0.0,6.188068386390275e-09,313
lora_esmc_vicreg,LoRA ESMC + VICReg,test,input,peptide,mean_var_per_dim,2.4763252061275236e-12,0.0,6.4459045691565365e-12,313
lora_esmc_vicreg,LoRA ESMC + VICReg,test,input,peptide,median_pairwise_cosine,-5.3205576259991525e-18,-2.341045355439627e-17,1.2769338302397966e-17,313
lora_esmc_vicreg,LoRA ESMC + VICReg,test,input,pmhc,mean_latent_norm,1.6420645870551072,1.6343800143854992,1.6491020327824926,381
lora_esmc_vicreg,LoRA ESMC + VICReg,test,input,pmhc,covariance_trace,3.673143737428441e-05,1.067863233562728e-06,0.00010489887635853604,313
lora_esmc_vicreg,LoRA ESMC + VICReg,test,input,pmhc,mean_var_per_dim,1.913095696577313e-08,5.556302474344468e-10,5.2972351478664144e-08,313
lora_esmc_vicreg,LoRA ESMC + VICReg,test,input,pmhc,median_pairwise_cosine,2.1395130184051172e-06,1.9863415137063503e-17,5.624300768235308e-06,313
lora_esmc_vicreg,LoRA ESMC + VICReg,test,input,tcr,mean_latent_norm,0.9341697781220242,0.9317112295899911,0.936738891959896,381
lora_esmc_vicreg,LoRA ESMC + VICReg,test,input,tcr,covariance_trace,0.0169017633040721,0.016188396128164313,0.017658416276015578,313
lora_esmc_vicreg,LoRA ESMC + VICReg,test,input,tcr,mean_var_per_dim,1.7606003441741772e-05,1.6841121396778887e-05,1.8413771032121933e-05,313
lora_esmc_vicreg,LoRA ESMC + VICReg,test,input,tcr,median_pairwise_cosine,0.017377045759565515,0.01664617474448952,0.018118383836047504,313
lora_esmc_vicreg,LoRA ESMC + VICReg,test,pre_expander,hla,mean_latent_norm,2.510197178226937,2.4652802363237485,2.559429003713416,381
lora_esmc_vicreg,LoRA ESMC + VICReg,test,pre_expander,hla,covariance_trace,0.013955124340442653,0.00039403161144955666,0.03753514074063275,313
lora_esmc_vicreg,LoRA ESMC + VICReg,test,pre_expander,hla,mean_var_per_dim,0.0001812353810447098,5.1175369089690965e-06,0.00047952422106567027,313
lora_esmc_vicreg,LoRA ESMC + VICReg,test,pre_expander,hla,median_pairwise_cosine,0.0023081342198818123,-7.079888680996206e-17,0.00662122482951063,313
lora_esmc_vicreg,LoRA ESMC + VICReg,test,pre_expander,peptide,mean_latent_norm,0.7008088246132984,0.6832877500066813,0.7205289591270492,381
lora_esmc_vicreg,LoRA ESMC + VICReg,test,pre_expander,peptide,covariance_trace,8.151090137042525e-09,9.292461054222485e-19,2.1119683620968256e-08,313
lora_esmc_vicreg,LoRA ESMC + VICReg,test,pre_expander,peptide,mean_var_per_dim,4.5536816408058784e-11,5.191319024705299e-21,1.2610195456370336e-10,313
lora_esmc_vicreg,LoRA ESMC + VICReg,test,pre_expander,peptide,median_pairwise_cosine,-3.121393807252836e-17,-3.838072919474922e-17,-2.3692443108574234e-17,313
lora_esmc_vicreg,LoRA ESMC + VICReg,test,pre_expander,pmhc,mean_latent_norm,2.61502625007563,2.5668930546684146,2.664750621999178,381
lora_esmc_vicreg,LoRA ESMC + VICReg,test,pre_expander,pmhc,covariance_trace,0.013955132491532789,0.00039402369564795224,0.037945442231043236,313
lora_esmc_vicreg,LoRA ESMC + VICReg,test,pre_expander,pmhc,mean_var_per_dim,5.4512236295049956e-05,1.5392047597763066e-06,0.00014115576894821986,313
lora_esmc_vicreg,LoRA ESMC + VICReg,test,pre_expander,pmhc,median_pairwise_cosine,0.0013976946836970466,-1.7167665939890598e-17,0.003570196426175799,313
lora_esmc_vicreg,LoRA ESMC + VICReg,test,pre_expander,tcr,mean_latent_norm,2.1306051614669475,2.111313512069849,2.1497299695541066,381
lora_esmc_vicreg,LoRA ESMC + VICReg,test,pre_expander,tcr,covariance_trace,3.9197771006619746,3.81532613678092,4.034361361946432,313
lora_esmc_vicreg,LoRA ESMC + VICReg,test,pre_expander,tcr,mean_var_per_dim,0.015311629299460838,0.014890374251367805,0.015757517829788712,313
lora_esmc_vicreg,LoRA ESMC + VICReg,test,pre_expander,tcr,median_pairwise_cosine,0.8538919944935934,0.8377691181274353,0.8701579193872199,313
lora_esmc_vicreg,LoRA ESMC + VICReg,train,final_latent,hla,mean_latent_norm,3.0745198271985146,3.020815075865505,3.128074973662615,925
lora_esmc_vicreg,LoRA ESMC + VICReg,train,final_latent,hla,covariance_trace,0.20432247296260778,0.08438334905031544,0.3451251814364603,568
lora_esmc_vicreg,LoRA ESMC + VICReg,train,final_latent,hla,mean_var_per_dim,0.0026535386099039967,0.0010951496639953423,0.004583519242567489,568
lora_esmc_vicreg,LoRA ESMC + VICReg,train,final_latent,hla,median_pairwise_cosine,0.02043211982982456,0.00732472705587912,0.035492018170650515,568
lora_esmc_vicreg,LoRA ESMC + VICReg,train,final_latent,peptide,mean_latent_norm,3.789572846414309,3.72816427407978,3.8532893336381435,925
lora_esmc_vicreg,LoRA ESMC + VICReg,train,final_latent,peptide,covariance_trace,3.3803191439414656e-05,2.5070276038669855e-19,0.0001014107086719973,568
lora_esmc_vicreg,LoRA ESMC + VICReg,train,final_latent,peptide,mean_var_per_dim,1.8884464491293105e-07,1.076744960853939e-21,5.662804477824679e-07,568
lora_esmc_vicreg,LoRA ESMC + VICReg,train,final_latent,peptide,median_pairwise_cosine,1.831297138438723e-06,-2.5997396723638898e-17,5.493891415345574e-06,568
lora_esmc_vicreg,LoRA ESMC + VICReg,train,final_latent,pmhc,mean_latent_norm,4.978025327844541,4.918588570601401,5.040793674030178,925
lora_esmc_vicreg,LoRA ESMC + VICReg,train,final_latent,pmhc,covariance_trace,0.2043562761540472,0.08154578239633027,0.3443937422343781,568
lora_esmc_vicreg,LoRA ESMC + VICReg,train,final_latent,pmhc,mean_var_per_dim,0.0007982667037267469,0.0003523786315619717,0.0013658197076932054,568
lora_esmc_vicreg,LoRA ESMC + VICReg,train,final_latent,pmhc,median_pairwise_cosine,0.009132426993124798,0.003387446614161816,0.016184437682261233,568
lora_esmc_vicreg,LoRA ESMC + VICReg,train,final_latent,tcr,mean_latent_norm,5.445697019359375,5.396340364625726,5.495833414836926,925
lora_esmc_vicreg,LoRA ESMC + VICReg,train,final_latent,tcr,covariance_trace,20.85082758752216,20.038051135361922,21.654287032914507,568
lora_esmc_vicreg,LoRA ESMC + VICReg,train,final_latent,tcr,mean_var_per_dim,0.08144854526375844,0.07839556439514614,0.08461719752872501,568
lora_esmc_vicreg,LoRA ESMC + VICReg,train,final_latent,tcr,median_pairwise_cosine,0.7320959934449802,0.7002469935372181,0.7647757089886796,568
lora_esmc_vicreg,LoRA ESMC + VICReg,train,input,hla,mean_latent_norm,1.2007057628153863,1.1945143344645264,1.2064527342912372,925
lora_esmc_vicreg,LoRA ESMC + VICReg,train,input,hla,covariance_trace,0.0006648741017483612,0.00024542338734015305,0.001245479568631477,568
lora_esmc_vicreg,LoRA ESMC + VICReg,train,input,hla,mean_var_per_dim,6.925771893212097e-07,2.61472420950118e-07,1.288573901317554e-06,568
lora_esmc_vicreg,LoRA ESMC + VICReg,train,input,hla,median_pairwise_cosine,0.00035914704516769704,0.00014383793203880652,0.0006071030560504346,568
lora_esmc_vicreg,LoRA ESMC + VICReg,train,input,peptide,mean_latent_norm,1.1141146941397766,1.1111233253765564,1.1169951416915815,925
lora_esmc_vicreg,LoRA ESMC + VICReg,train,input,peptide,covariance_trace,1.7440025774512105e-07,0.0,5.232007732353631e-07,568
lora_esmc_vicreg,LoRA ESMC + VICReg,train,input,peptide,mean_var_per_dim,1.8166693515116777e-10,0.0,5.409553054498732e-10,568
lora_esmc_vicreg,LoRA ESMC + VICReg,train,input,peptide,median_pairwise_cosine,1.3654836443699e-07,-3.186027341794023e-17,4.0964509336433593e-07,568
lora_esmc_vicreg,LoRA ESMC + VICReg,train,input,pmhc,mean_latent_norm,1.639666033968896,1.6351746194207588,1.6444386868341054,925
lora_esmc_vicreg,LoRA ESMC + VICReg,train,input,pmhc,covariance_trace,0.0006650485020061063,0.0002691538233101271,0.0012563386744834071,568
lora_esmc_vicreg,LoRA ESMC + VICReg,train,input,pmhc,mean_var_per_dim,3.4637942812818044e-07,1.27603643042818e-07,6.406485609932889e-07,568
lora_esmc_vicreg,LoRA ESMC + VICReg,train,input,pmhc,median_pairwise_cosine,0.0002463194303022731,8.041647132057539e-05,0.0004835007998893964,568
lora_esmc_vicreg,LoRA ESMC + VICReg,train,input,tcr,mean_latent_norm,0.9269298498597383,0.9250704687162337,0.9286905066771263,925
lora_esmc_vicreg,LoRA ESMC + VICReg,train,input,tcr,covariance_trace,0.010527073537816328,0.009973784380530865,0.011114213604749882,568
lora_esmc_vicreg,LoRA ESMC + VICReg,train,input,tcr,mean_var_per_dim,1.0965701601892007e-05,1.0355349655681926e-05,1.1569827363001878e-05,568
lora_esmc_vicreg,LoRA ESMC + VICReg,train,input,tcr,median_pairwise_cosine,0.0114006023953877,0.010777360375012104,0.012045706884006555,568
lora_esmc_vicreg,LoRA ESMC + VICReg,train,pre_expander,hla,mean_latent_norm,2.56014362507982,2.529411241678007,2.5930045578943544,925
lora_esmc_vicreg,LoRA ESMC + VICReg,train,pre_expander,hla,covariance_trace,0.13156416554890285,0.05104190391941666,0.22581671922096747,568
lora_esmc_vicreg,LoRA ESMC + VICReg,train,pre_expander,hla,mean_var_per_dim,0.001708625526609128,0.0006995023484316016,0.0029396771277967414,568
lora_esmc_vicreg,LoRA ESMC + VICReg,train,pre_expander,hla,median_pairwise_cosine,0.01866670216676901,0.007528624753576096,0.033138053777259556,568
lora_esmc_vicreg,LoRA ESMC + VICReg,train,pre_expander,peptide,mean_latent_norm,0.678315137725459,0.6682864315366284,0.6892014918673234,925
lora_esmc_vicreg,LoRA ESMC + VICReg,train,pre_expander,peptide,covariance_trace,4.1133726801604637e-07,3.0847545291889306e-20,1.2214226626776851e-06,568
lora_esmc_vicreg,LoRA ESMC + VICReg,train,pre_expander,peptide,mean_var_per_dim,2.297973564335455e-09,1.723326552619514e-22,6.823590294289056e-09,568
lora_esmc_vicreg,LoRA ESMC + VICReg,train,pre_expander,peptide,median_pairwise_cosine,1.2834997813915518e-06,-3.037574104610431e-17,3.85049934419777e-06,568
lora_esmc_vicreg,LoRA ESMC + VICReg,train,pre_expander,pmhc,mean_latent_norm,2.6560321666372415,2.6241947248943305,2.6890757264174123,925
lora_esmc_vicreg,LoRA ESMC + VICReg,train,pre_expander,pmhc,covariance_trace,0.13156457688617085,0.054515402947392336,0.2232043429149454,568
lora_esmc_vicreg,LoRA ESMC + VICReg,train,pre_expander,pmhc,mean_var_per_dim,0.0005139241284616049,0.0002244279825803574,0.0008975357275270554,568
lora_esmc_vicreg,LoRA ESMC + VICReg,train,pre_expander,pmhc,median_pairwise_cosine,0.016859751103762862,0.006648129943381841,0.029481728384016637,568
lora_esmc_vicreg,LoRA ESMC + VICReg,train,pre_expander,tcr,mean_latent_norm,2.202111810442807,2.185921893593763,2.217474708376769,925
lora_esmc_vicreg,LoRA ESMC + VICReg,train,pre_expander,tcr,covariance_trace,3.0074036507635546,2.951614122127746,3.064996585070861,568
lora_esmc_vicreg,LoRA ESMC + VICReg,train,pre_expander,tcr,mean_var_per_dim,0.011747670510795135,0.011511853519182623,0.011970682747819658,568
lora_esmc_vicreg,LoRA ESMC + VICReg,train,pre_expander,tcr,median_pairwise_cosine,0.6339869063070516,0.6187558083507552,0.6496183257668802,568
onehot_vicreg,One-hot + VICReg,immrep_test,final_latent,hla,mean_latent_norm,3.6199393686146903,3.329083731107553,3.910795006122671,20
onehot_vicreg,One-hot + VICReg,immrep_test,final_latent,hla,covariance_trace,4.625542188961759e-16,2.3129515075648735e-16,7.420936628017091e-16,20
onehot_vicreg,One-hot + VICReg,immrep_test,final_latent,hla,mean_var_per_dim,6.0071976480022855e-18,3.166356553107504e-18,9.599644668242413e-18,20
onehot_vicreg,One-hot + VICReg,immrep_test,final_latent,hla,median_pairwise_cosine,-1.332267629550188e-16,-1.665334536937735e-16,-1.0658141036401502e-16,20
onehot_vicreg,One-hot + VICReg,immrep_test,final_latent,peptide,mean_latent_norm,5.463256515385575,4.963229990697574,6.010615153243156,20
onehot_vicreg,One-hot + VICReg,immrep_test,final_latent,peptide,covariance_trace,7.489957603943783e-16,4.0921663439486124e-16,1.1203178489471825e-15,20
onehot_vicreg,One-hot + VICReg,immrep_test,final_latent,peptide,mean_var_per_dim,4.184333856951834e-18,2.299565696895528e-18,6.252858081107932e-18,20
onehot_vicreg,One-hot + VICReg,immrep_test,final_latent,peptide,median_pairwise_cosine,-2.6645352591003762e-17,-5.773159728050813e-17,3.3306690738754703e-18,20
onehot_vicreg,One-hot + VICReg,immrep_test,final_latent,pmhc,mean_latent_norm,6.710730976437668,6.273562135841303,7.158284112474963,20
onehot_vicreg,One-hot + VICReg,immrep_test,final_latent,pmhc,covariance_trace,1.2115499792905543e-15,6.688727772537761e-16,1.8616704362949334e-15,20
onehot_vicreg,One-hot + VICReg,immrep_test,final_latent,pmhc,mean_var_per_dim,4.7326171066037276e-18,2.7181977700413135e-18,7.285867475482724e-18,20
onehot_vicreg,One-hot + VICReg,immrep_test,final_latent,pmhc,median_pairwise_cosine,-2.2204460492503132e-17,-4.9960036108132046e-17,-3.0044507132445084e-34,20
onehot_vicreg,One-hot + VICReg,immrep_test,final_latent,tcr,mean_latent_norm,7.850531031515575,7.835644810735101,7.865417252307019,20
onehot_vicreg,One-hot + VICReg,immrep_test,final_latent,tcr,covariance_trace,52.60436744638222,52.207452078253134,53.10051165459292,20
onehot_vicreg,One-hot + VICReg,immrep_test,final_latent,tcr,mean_var_per_dim,0.20548581033743055,0.20393535968064017,0.20703626099527062,20
onehot_vicreg,One-hot + VICReg,immrep_test,final_latent,tcr,median_pairwise_cosine,0.6900288757244265,0.6864726373836961,0.693757453244098,20
onehot_vicreg,One-hot + VICReg,immrep_test,input,hla,mean_latent_norm,0.2520136086227591,0.2513997883754303,0.2525046648206223,20
onehot_vicreg,One-hot + VICReg,immrep_test,input,hla,covariance_trace,0.0,0.0,0.0,20
onehot_vicreg,One-hot + VICReg,immrep_test,input,hla,mean_var_per_dim,0.0,0.0,0.0,20
onehot_vicreg,One-hot + VICReg,immrep_test,input,hla,median_pairwise_cosine,5.551115123125783e-17,3.3306690738754695e-17,7.771561172376095e-17,20
onehot_vicreg,One-hot + VICReg,immrep_test,input,peptide,mean_latent_norm,0.39149391911869436,0.37765357520206855,0.40552088526773494,20
onehot_vicreg,One-hot + VICReg,immrep_test,input,peptide,covariance_trace,0.0,0.0,0.0,20
onehot_vicreg,One-hot + VICReg,immrep_test,input,peptide,mean_var_per_dim,0.0,0.0,0.0,20
onehot_vicreg,One-hot + VICReg,immrep_test,input,peptide,median_pairwise_cosine,1.1102230246251566e-17,0.0,3.3306690738754695e-17,20
onehot_vicreg,One-hot + VICReg,immrep_test,input,pmhc,mean_latent_norm,0.46592644340980005,0.4540874748211106,0.4778358446750994,20
onehot_vicreg,One-hot + VICReg,immrep_test,input,pmhc,covariance_trace,0.0,0.0,0.0,20
onehot_vicreg,One-hot + VICReg,immrep_test,input,pmhc,mean_var_per_dim,0.0,0.0,0.0,20
onehot_vicreg,One-hot + VICReg,immrep_test,input,pmhc,median_pairwise_cosine,-1.0547118733938987e-16,-1.9984014443252818e-16,-1.1102230246251566e-17,20
onehot_vicreg,One-hot + VICReg,immrep_test,input,tcr,mean_latent_norm,0.2536525239499697,0.25352796467032146,0.2537763095694958,20
onehot_vicreg,One-hot + VICReg,immrep_test,input,tcr,covariance_trace,0.002397732292566164,0.0023976810144740557,0.002397783570658272,20
onehot_vicreg,One-hot + VICReg,immrep_test,input,tcr,mean_var_per_dim,0.00010898783148028017,0.00010898550065791161,0.00010899016230264875,20
onehot_vicreg,One-hot + VICReg,immrep_test,input,tcr,median_pairwise_cosine,0.03532562188519404,0.03525629912946194,0.03539113562013144,20
onehot_vicreg,One-hot + VICReg,immrep_test,pre_expander,hla,mean_latent_norm,5.656273174879232,5.6255226354623336,5.687023714284917,20
onehot_vicreg,One-hot + VICReg,immrep_test,pre_expander,hla,covariance_trace,6.229883830754511e-16,3.6758049857651086e-16,9.106917171499719e-16,20
onehot_vicreg,One-hot + VICReg,immrep_test,pre_expander,hla,mean_var_per_dim,8.090758221759107e-18,4.961452141688152e-18,1.1693455566614664e-17,20
onehot_vicreg,One-hot + VICReg,immrep_test,pre_expander,hla,median_pairwise_cosine,-6.661338147750939e-17,-8.881784197001253e-17,-4.884981308350687e-17,20
onehot_vicreg,One-hot + VICReg,immrep_test,pre_expander,peptide,mean_latent_norm,3.7356737525865817,3.6641547146597566,3.8075351550390764,20
onehot_vicreg,One-hot + VICReg,immrep_test,pre_expander,peptide,covariance_trace,3.579777046311791e-16,2.135061257228853e-16,5.308344753113411e-16,20
onehot_vicreg,One-hot + VICReg,immrep_test,pre_expander,peptide,mean_var_per_dim,1.9998754448669224e-18,1.1285986979265778e-18,2.9442050668058382e-18,20
onehot_vicreg,One-hot + VICReg,immrep_test,pre_expander,peptide,median_pairwise_cosine,-2.442490654175344e-17,-4.7739590058881737e-17,1.540743955501381e-35,20
onehot_vicreg,One-hot + VICReg,immrep_test,pre_expander,pmhc,mean_latent_norm,6.797993388107722,6.7441475222171885,6.853803630426427,20
onehot_vicreg,One-hot + VICReg,immrep_test,pre_expander,pmhc,covariance_trace,9.809660877066304e-16,5.680978868776981e-16,1.4562399433583633e-15,20
onehot_vicreg,One-hot + VICReg,immrep_test,pre_expander,pmhc,mean_var_per_dim,3.831898780104025e-18,2.1816688618642234e-18,5.683189918264117e-18,20
onehot_vicreg,One-hot + VICReg,immrep_test,pre_expander,pmhc,median_pairwise_cosine,-6.6613381477509405e-18,-3.555489236362064e-17,2.3314683517128283e-17,20
onehot_vicreg,One-hot + VICReg,immrep_test,pre_expander,tcr,mean_latent_norm,7.489008790871663,7.46639474651158,7.511622835232092,20
onehot_vicreg,One-hot + VICReg,immrep_test,pre_expander,tcr,covariance_trace,39.43190700754672,39.24007027304755,39.62374374206084,20
onehot_vicreg,One-hot + VICReg,immrep_test,pre_expander,tcr,mean_var_per_dim,0.15403088674822937,0.1532815245040096,0.15478024899214599,20
onehot_vicreg,One-hot + VICReg,immrep_test,pre_expander,tcr,median_pairwise_cosine,0.7053617751056083,0.7047707984842745,0.7059454625187391,20
onehot_vicreg,One-hot + VICReg,test,final_latent,hla,mean_latent_norm,3.4886794880419023,3.3871106265691298,3.597783660312684,381
onehot_vicreg,One-hot + VICReg,test,final_latent,hla,covariance_trace,0.03061370893678526,2.5453272895542886e-05,0.06999929584055097,313
onehot_vicreg,One-hot + VICReg,test,final_latent,hla,mean_var_per_dim,0.00039758063554266567,3.305619856342591e-07,0.0009445057357282001,313
onehot_vicreg,One-hot + VICReg,test,final_latent,hla,median_pairwise_cosine,0.0016672701366245487,-5.712150667272692e-17,0.004603219195183657,313
onehot_vicreg,One-hot + VICReg,test,final_latent,peptide,mean_latent_norm,5.204483956512909,5.010243386594537,5.421522412931908,381
onehot_vicreg,One-hot + VICReg,test,final_latent,peptide,covariance_trace,2.7040509747144624e-15,8.920912126491717e-16,5.110715569636203e-15,313
onehot_vicreg,One-hot + VICReg,test,final_latent,peptide,mean_var_per_dim,1.510643002633778e-17,4.727656309941042e-18,2.8347938887631233e-17,313
onehot_vicreg,One-hot + VICReg,test,final_latent,peptide,median_pairwise_cosine,4.334480945980642e-17,-1.8024275717676463e-17,1.193330134743263e-16,313
onehot_vicreg,One-hot + VICReg,test,final_latent,pmhc,mean_latent_norm,6.4562865698309135,6.266131900041007,6.664716537849054,381
onehot_vicreg,One-hot + VICReg,test,final_latent,pmhc,covariance_trace,0.03061370893678797,2.545327289603744e-05,0.07353817018270277,313
onehot_vicreg,One-hot + VICReg,test,final_latent,pmhc,mean_var_per_dim,0.00011958480053432801,9.94268472552215e-08,0.00029032791188062304,313
onehot_vicreg,One-hot + VICReg,test,final_latent,pmhc,median_pairwise_cosine,0.00044298512394966207,1.206755675152868e-16,0.001021932291867652,313
onehot_vicreg,One-hot + VICReg,test,final_latent,tcr,mean_latent_norm,8.097460834829622,7.971935991999041,8.240272800919781,381
onehot_vicreg,One-hot + VICReg,test,final_latent,tcr,covariance_trace,49.946221833339735,47.15578798341551,52.8141872667006,313
onehot_vicreg,One-hot + VICReg,test,final_latent,tcr,mean_var_per_dim,0.19510242903648334,0.18423366250624568,0.20637706259693198,313
onehot_vicreg,One-hot + VICReg,test,final_latent,tcr,median_pairwise_cosine,0.6855507420499088,0.6588573215028366,0.711180127890977,313
onehot_vicreg,One-hot + VICReg,test,input,hla,mean_latent_norm,0.2510458181763243,0.2509208193838061,0.25118437651775644,381
onehot_vicreg,One-hot + VICReg,test,input,hla,covariance_trace,6.135663582533549e-07,6.533069287232395e-09,1.397655055697408e-06,313
onehot_vicreg,One-hot + VICReg,test,input,hla,mean_var_per_dim,2.7889379920607044e-08,2.9695769487419973e-10,6.390526076072243e-08,313
onehot_vicreg,One-hot + VICReg,test,input,hla,median_pairwise_cosine,4.322347865413348e-06,2.020925138275345e-17,1.1365167430351756e-05,313
onehot_vicreg,One-hot + VICReg,test,input,peptide,mean_latent_norm,0.4139766260387344,0.4083582986244935,0.4194207451945951,381
onehot_vicreg,One-hot + VICReg,test,input,peptide,covariance_trace,0.0,0.0,0.0,313
onehot_vicreg,One-hot + VICReg,test,input,peptide,mean_var_per_dim,0.0,0.0,0.0,313
onehot_vicreg,One-hot + VICReg,test,input,peptide,median_pairwise_cosine,-1.0641115251998305e-17,-2.2346342029196442e-17,7.094076834665537e-19,313
onehot_vicreg,One-hot + VICReg,test,input,pmhc,mean_latent_norm,0.48492393473071665,0.4799368942730057,0.4898244901980328,381
onehot_vicreg,One-hot + VICReg,test,input,pmhc,covariance_trace,6.135663582533549e-07,6.533069287232395e-09,1.4017331134252684e-06,313
onehot_vicreg,One-hot + VICReg,test,input,pmhc,mean_var_per_dim,1.3944689960303522e-08,1.4847884743709987e-10,3.2253300046421324e-08,313
onehot_vicreg,One-hot + VICReg,test,input,pmhc,median_pairwise_cosine,2.2957395018180804e-06,-1.0961235469162587e-16,5.755520702167816e-06,313
onehot_vicreg,One-hot + VICReg,test,input,tcr,mean_latent_norm,0.25135137505967625,0.25092389992373304,0.2517998432750122,381
onehot_vicreg,One-hot + VICReg,test,input,tcr,covariance_trace,0.002330581240480663,0.0022382414321105147,0.0024219940241575933,313
onehot_vicreg,One-hot + VICReg,test,input,tcr,mean_var_per_dim,0.00010593551093093925,0.00010180242995518736,0.00011027686886911323,313
onehot_vicreg,One-hot + VICReg,test,input,tcr,median_pairwise_cosine,0.036226087044103183,0.03476690439442999,0.037671267029394134,313
onehot_vicreg,One-hot + VICReg,test,pre_expander,hla,mean_latent_norm,6.190799907175357,6.073738209077215,6.315218981837891,381
onehot_vicreg,One-hot + VICReg,test,pre_expander,hla,covariance_trace,0.0579744869279473,0.00012885637103337148,0.14142599184664154,313
onehot_vicreg,One-hot + VICReg,test,pre_expander,hla,mean_var_per_dim,0.0007529154146486666,1.6734593640701245e-06,0.001839007141088722,313
onehot_vicreg,One-hot + VICReg,test,pre_expander,hla,median_pairwise_cosine,0.0006164634241164906,-4.689539491555654e-17,0.0014127040106774976,313
onehot_vicreg,One-hot + VICReg,test,pre_expander,peptide,mean_latent_norm,3.739251971539615,3.7102898488352634,3.7708640998264173,381
onehot_vicreg,One-hot + VICReg,test,pre_expander,peptide,covariance_trace,1.482052580077713e-15,5.115349356294066e-16,2.788532074866157e-15,313
onehot_vicreg,One-hot + VICReg,test,pre_expander,peptide,mean_var_per_dim,8.279623352389459e-18,2.77927372855178e-18,1.4638004593698735e-17,313
onehot_vicreg,One-hot + VICReg,test,pre_expander,peptide,median_pairwise_cosine,6.200223153497679e-17,-8.443724952460657e-18,1.5047246374009063e-16,313
onehot_vicreg,One-hot + VICReg,test,pre_expander,pmhc,mean_latent_norm,7.270864413800231,7.165486238103787,7.385812414084863,381
onehot_vicreg,One-hot + VICReg,test,pre_expander,pmhc,covariance_trace,0.0579744869279488,0.00012885637103627947,0.13591849644593534,313
onehot_vicreg,One-hot + VICReg,test,pre_expander,pmhc,mean_var_per_dim,0.0002264628395623,5.033451993533484e-07,0.0005319147120437413,313
onehot_vicreg,One-hot + VICReg,test,pre_expander,pmhc,median_pairwise_cosine,0.0006017995183382272,3.6947725674146784e-17,0.0015054103702691725,313
onehot_vicreg,One-hot + VICReg,test,pre_expander,tcr,mean_latent_norm,7.83645035018742,7.799484478429575,7.873021462653998,381
onehot_vicreg,One-hot + VICReg,test,pre_expander,tcr,covariance_trace,43.24198088111838,42.519286142443086,43.97729636063181,313
onehot_vicreg,One-hot + VICReg,test,pre_expander,tcr,mean_var_per_dim,0.16891398781686867,0.16614641297934657,0.1718851602028629,313
onehot_vicreg,One-hot + VICReg,test,pre_expander,tcr,median_pairwise_cosine,0.700614502495892,0.6887460510443831,0.7123571099331827,313
onehot_vicreg,One-hot + VICReg,train,final_latent,hla,mean_latent_norm,3.5760575925940152,3.500573818766371,3.6632434212380667,925
onehot_vicreg,One-hot + VICReg,train,final_latent,hla,covariance_trace,0.15237809378374653,0.06612821362608656,0.26071596098681143,568
onehot_vicreg,One-hot + VICReg,train,final_latent,hla,mean_var_per_dim,0.0019789362829057988,0.0008376918413142323,0.0034473984843639022,568
onehot_vicreg,One-hot + VICReg,train,final_latent,hla,median_pairwise_cosine,0.012315368433025269,0.004878315371866117,0.02079157111881706,568
onehot_vicreg,One-hot + VICReg,train,final_latent,peptide,mean_latent_norm,5.235415648466742,5.098081998010907,5.3718657708337725,925
onehot_vicreg,One-hot + VICReg,train,final_latent,peptide,covariance_trace,5.918078685832073e-16,5.855609316798186e-19,1.512594810924452e-15,568
onehot_vicreg,One-hot + VICReg,train,final_latent,peptide,mean_var_per_dim,3.3061892099620516e-18,3.271290121116306e-21,8.450902201564724e-18,568
onehot_vicreg,One-hot + VICReg,train,final_latent,peptide,median_pairwise_cosine,-9.968551805613219e-19,-3.037476373710376e-17,4.251391883293919e-17,568
onehot_vicreg,One-hot + VICReg,train,final_latent,pmhc,mean_latent_norm,6.530149430765723,6.3873793674342005,6.6813880161821695,925
onehot_vicreg,One-hot + VICReg,train,final_latent,pmhc,covariance_trace,0.15237809378374717,0.06472097735267372,0.25909895425005597,568
onehot_vicreg,One-hot + VICReg,train,final_latent,pmhc,mean_var_per_dim,0.0005952269288427624,0.0002636746238695464,0.0010012002595757637,568
onehot_vicreg,One-hot + VICReg,train,final_latent,pmhc,median_pairwise_cosine,0.004744775393394317,0.0017163903622209738,0.008225071135690348,568
onehot_vicreg,One-hot + VICReg,train,final_latent,tcr,mean_latent_norm,7.843026771379528,7.72543061886632,7.97002549893173,925
onehot_vicreg,One-hot + VICReg,train,final_latent,tcr,covariance_trace,37.667987106056295,36.13328861347009,39.311085649292615,568
onehot_vicreg,One-hot + VICReg,train,final_latent,tcr,mean_var_per_dim,0.1471405746330324,0.1414501613957046,0.1531230520662375,568
onehot_vicreg,One-hot + VICReg,train,final_latent,tcr,median_pairwise_cosine,0.585011877286565,0.5671098370756138,0.6017013731288867,568
onehot_vicreg,One-hot + VICReg,train,input,hla,mean_latent_norm,0.2510231255809616,0.25093257416093473,0.251112631160922,925
onehot_vicreg,One-hot + VICReg,train,input,hla,covariance_trace,5.085927283035774e-06,2.348518609276997e-06,8.12271181652787e-06,568
onehot_vicreg,One-hot + VICReg,train,input,hla,mean_var_per_dim,2.3117851286526246e-07,1.0664213197217515e-07,3.712283334579791e-07,568
onehot_vicreg,One-hot + VICReg,train,input,hla,median_pairwise_cosine,8.33258451406064e-05,3.6755261744891484e-05,0.00013648696279481922,568
onehot_vicreg,One-hot + VICReg,train,input,peptide,mean_latent_norm,0.4205997579448681,0.4168769677489129,0.424251451920693,925
onehot_vicreg,One-hot + VICReg,train,input,peptide,covariance_trace,0.0,0.0,0.0,568
onehot_vicreg,One-hot + VICReg,train,input,peptide,mean_var_per_dim,0.0,0.0,0.0,568
onehot_vicreg,One-hot + VICReg,train,input,peptide,median_pairwise_cosine,9.773090005503139e-19,-7.818472004402511e-18,9.968551805613202e-18,568
onehot_vicreg,One-hot + VICReg,train,input,pmhc,mean_latent_norm,0.49062219061031176,0.4876390258804942,0.4939148890988573,925
onehot_vicreg,One-hot + VICReg,train,input,pmhc,covariance_trace,5.085927283035774e-06,2.377339031034358e-06,8.130542454180326e-06,568
onehot_vicreg,One-hot + VICReg,train,input,pmhc,mean_var_per_dim,1.1558925643263123e-07,5.4510750149876e-08,1.8628345490486985e-07,568
onehot_vicreg,One-hot + VICReg,train,input,pmhc,median_pairwise_cosine,2.0867226223142133e-05,1.01924497614753e-05,3.374964489071761e-05,568
onehot_vicreg,One-hot + VICReg,train,input,tcr,mean_latent_norm,0.25251571714544735,0.2521660189905644,0.2528782023046531,925
onehot_vicreg,One-hot + VICReg,train,input,tcr,covariance_trace,0.0015310561651497613,0.0014477500896668677,0.0016121549377746595,568
onehot_vicreg,One-hot + VICReg,train,input,tcr,mean_var_per_dim,6.959346205226189e-05,6.588483274530129e-05,7.349030311968623e-05,568
onehot_vicreg,One-hot + VICReg,train,input,tcr,median_pairwise_cosine,0.024408918618747562,0.0231209424780966,0.02574058795668349,568
onehot_vicreg,One-hot + VICReg,train,pre_expander,hla,mean_latent_norm,6.25803080488161,6.181650969789557,6.341437667869547,925
onehot_vicreg,One-hot + VICReg,train,pre_expander,hla,covariance_trace,0.484968365226505,0.19958615699577836,0.8375788600638584,568
onehot_vicreg,One-hot + VICReg,train,pre_expander,hla,mean_var_per_dim,0.0062982904574870775,0.0025663589477330118,0.010681396102275705,568
onehot_vicreg,One-hot + VICReg,train,pre_expander,hla,median_pairwise_cosine,0.009993909209578456,0.003840579051552328,0.01754362354220477,568
onehot_vicreg,One-hot + VICReg,train,pre_expander,peptide,mean_latent_norm,3.73888912208949,3.719941140657042,3.7597400588472136,925
onehot_vicreg,One-hot + VICReg,train,pre_expander,peptide,covariance_trace,3.0196745775424387e-16,1.5673980991451866e-19,8.07473248394397e-16,568
onehot_vicreg,One-hot + VICReg,train,pre_expander,peptide,mean_var_per_dim,1.6869690377332063e-18,8.756413961704951e-22,4.3385332784887286e-18,568
onehot_vicreg,One-hot + VICReg,train,pre_expander,peptide,median_pairwise_cosine,-5.746576923235843e-18,-3.2644075236381583e-17,3.38461653070583e-17,568
onehot_vicreg,One-hot + VICReg,train,pre_expander,pmhc,mean_latent_norm,7.331774935047107,7.263651077284346,7.4045452925600355,925
onehot_vicreg,One-hot + VICReg,train,pre_expander,pmhc,covariance_trace,0.4849683652265053,0.19116107578145194,0.8593914677225938,568
onehot_vicreg,One-hot + VICReg,train,pre_expander,pmhc,mean_var_per_dim,0.0018944076766660364,0.0007691127597318922,0.003241409517418883,568
onehot_vicreg,One-hot + VICReg,train,pre_expander,pmhc,median_pairwise_cosine,0.00906398790466915,0.003594881100403864,0.01563435926889816,568
onehot_vicreg,One-hot + VICReg,train,pre_expander,tcr,mean_latent_norm,7.6963595045473765,7.670204905016582,7.722528625318198,925
onehot_vicreg,One-hot + VICReg,train,pre_expander,tcr,covariance_trace,32.87207943326796,32.085361454468476,33.63633823385859,568
onehot_vicreg,One-hot + VICReg,train,pre_expander,tcr,mean_var_per_dim,0.12840656028620298,0.12516586351648945,0.1315524877195454,568
onehot_vicreg,One-hot + VICReg,train,pre_expander,tcr,median_pairwise_cosine,0.5616025800035159,0.5474011296123183,0.5750261233188767,568
raw_esmc_vicreg,Raw ESMC + VICReg,immrep_test,final_latent,hla,mean_latent_norm,3.178308760467291,2.702491218739886,3.6541263021946953,20
raw_esmc_vicreg,Raw ESMC + VICReg,immrep_test,final_latent,hla,covariance_trace,0.0,0.0,0.0,20
raw_esmc_vicreg,Raw ESMC + VICReg,immrep_test,final_latent,hla,mean_var_per_dim,0.0,0.0,0.0,20
raw_esmc_vicreg,Raw ESMC + VICReg,immrep_test,final_latent,hla,median_pairwise_cosine,-9.992007221626407e-17,-1.2212453270876718e-16,-7.771561172376095e-17,20
raw_esmc_vicreg,Raw ESMC + VICReg,immrep_test,final_latent,peptide,mean_latent_norm,2.8625431184559877,2.580919944506763,3.1465591449271044,20
raw_esmc_vicreg,Raw ESMC + VICReg,immrep_test,final_latent,peptide,covariance_trace,0.0,0.0,0.0,20
raw_esmc_vicreg,Raw ESMC + VICReg,immrep_test,final_latent,peptide,mean_var_per_dim,0.0,0.0,0.0,20
raw_esmc_vicreg,Raw ESMC + VICReg,immrep_test,final_latent,peptide,median_pairwise_cosine,-1.2212453270876724e-17,-4.107825191113079e-17,1.554312234475219e-17,20
raw_esmc_vicreg,Raw ESMC + VICReg,immrep_test,final_latent,pmhc,mean_latent_norm,4.419178899488029,4.009908039729098,4.850676035886059,20
raw_esmc_vicreg,Raw ESMC + VICReg,immrep_test,final_latent,pmhc,covariance_trace,0.0,0.0,0.0,20
raw_esmc_vicreg,Raw ESMC + VICReg,immrep_test,final_latent,pmhc,mean_var_per_dim,0.0,0.0,0.0,20
raw_esmc_vicreg,Raw ESMC + VICReg,immrep_test,final_latent,pmhc,median_pairwise_cosine,-1.3322676295501875e-17,-3.885780586188048e-17,1.1102230246251563e-17,20
raw_esmc_vicreg,Raw ESMC + VICReg,immrep_test,final_latent,tcr,mean_latent_norm,5.225420212888219,5.170849790350993,5.279990635425444,20
raw_esmc_vicreg,Raw ESMC + VICReg,immrep_test,final_latent,tcr,covariance_trace,13.698149748548445,13.203901317177525,14.192398179919365,20
raw_esmc_vicreg,Raw ESMC + VICReg,immrep_test,final_latent,tcr,mean_var_per_dim,0.053508397455267365,0.05157773952022471,0.05543905539031002,20
raw_esmc_vicreg,Raw ESMC + VICReg,immrep_test,final_latent,tcr,median_pairwise_cosine,0.2970682458372488,0.2727229062082795,0.32125068890861214,20
raw_esmc_vicreg,Raw ESMC + VICReg,immrep_test,input,hla,mean_latent_norm,0.6924038299115616,0.6893478414446965,0.6954598183784266,20
raw_esmc_vicreg,Raw ESMC + VICReg,immrep_test,input,hla,covariance_trace,0.0,0.0,0.0,20
raw_esmc_vicreg,Raw ESMC + VICReg,immrep_test,input,hla,mean_var_per_dim,0.0,0.0,0.0,20
raw_esmc_vicreg,Raw ESMC + VICReg,immrep_test,input,hla,median_pairwise_cosine,-1.1102230246251565e-16,-1.554312234475219e-16,-6.661338147750939e-17,20
raw_esmc_vicreg,Raw ESMC + VICReg,immrep_test,input,peptide,mean_latent_norm,1.368618372130617,1.3553733760149909,1.3810737479107187,20
raw_esmc_vicreg,Raw ESMC + VICReg,immrep_test,input,peptide,covariance_trace,0.0,0.0,0.0,20
raw_esmc_vicreg,Raw ESMC + VICReg,immrep_test,input,peptide,mean_var_per_dim,0.0,0.0,0.0,20
raw_esmc_vicreg,Raw ESMC + VICReg,immrep_test,input,peptide,median_pairwise_cosine,4.4408920985006264e-17,-2.2343238370581267e-17,1.1102230246251565e-16,20
raw_esmc_vicreg,Raw ESMC + VICReg,immrep_test,input,pmhc,mean_latent_norm,1.5338869027430726,1.5215033488612877,1.545223184754791,20
raw_esmc_vicreg,Raw ESMC + VICReg,immrep_test,input,pmhc,covariance_trace,0.0,0.0,0.0,20
raw_esmc_vicreg,Raw ESMC + VICReg,immrep_test,input,pmhc,mean_var_per_dim,0.0,0.0,0.0,20
raw_esmc_vicreg,Raw ESMC + VICReg,immrep_test,input,pmhc,median_pairwise_cosine,5.551115123125783e-18,-3.8857805861880476e-17,4.4408920985006264e-17,20
raw_esmc_vicreg,Raw ESMC + VICReg,immrep_test,input,tcr,mean_latent_norm,0.7243270314276096,0.72368893767626,0.7249651251789592,20
raw_esmc_vicreg,Raw ESMC + VICReg,immrep_test,input,tcr,covariance_trace,0.019382948156393447,0.019029132727618452,0.01973897493159828,20
raw_esmc_vicreg,Raw ESMC + VICReg,immrep_test,input,tcr,mean_var_per_dim,2.019057099624317e-05,1.982201325793588e-05,2.055912873455046e-05,20
raw_esmc_vicreg,Raw ESMC + VICReg,immrep_test,input,tcr,median_pairwise_cosine,0.0326553728926264,0.03221503965807996,0.033115329760978016,20
raw_esmc_vicreg,Raw ESMC + VICReg,immrep_test,pre_expander,hla,mean_latent_norm,2.3860662549023095,2.1893044490395295,2.58282806076509,20
raw_esmc_vicreg,Raw ESMC + VICReg,immrep_test,pre_expander,hla,covariance_trace,0.0,0.0,0.0,20
raw_esmc_vicreg,Raw ESMC + VICReg,immrep_test,pre_expander,hla,mean_var_per_dim,0.0,0.0,0.0,20
raw_esmc_vicreg,Raw ESMC + VICReg,immrep_test,pre_expander,hla,median_pairwise_cosine,-4.440892098500625e-17,-7.993605777301126e-17,-8.881784197001251e-18,20
raw_esmc_vicreg,Raw ESMC + VICReg,immrep_test,pre_expander,peptide,mean_latent_norm,0.7750363390071091,0.7365200109769742,0.8152624177561677,20
raw_esmc_vicreg,Raw ESMC + VICReg,immrep_test,pre_expander,peptide,covariance_trace,0.0,0.0,0.0,20
raw_esmc_vicreg,Raw ESMC + VICReg,immrep_test,pre_expander,peptide,mean_var_per_dim,0.0,0.0,0.0,20
raw_esmc_vicreg,Raw ESMC + VICReg,immrep_test,pre_expander,peptide,median_pairwise_cosine,-1.221245327087672e-17,-3.9968028886505634e-17,1.7763568394002502e-17,20
raw_esmc_vicreg,Raw ESMC + VICReg,immrep_test,pre_expander,pmhc,mean_latent_norm,2.517627302874428,2.3198656030162623,2.708203703287646,20
raw_esmc_vicreg,Raw ESMC + VICReg,immrep_test,pre_expander,pmhc,covariance_trace,0.0,0.0,0.0,20
raw_esmc_vicreg,Raw ESMC + VICReg,immrep_test,pre_expander,pmhc,mean_var_per_dim,0.0,0.0,0.0,20
raw_esmc_vicreg,Raw ESMC + VICReg,immrep_test,pre_expander,pmhc,median_pairwise_cosine,-2.3314683517128283e-17,-4.884981308350688e-17,3.3306690738754683e-18,20
raw_esmc_vicreg,Raw ESMC + VICReg,immrep_test,pre_expander,tcr,mean_latent_norm,2.138205572251997,2.1262319243503347,2.1501792201536594,20
raw_esmc_vicreg,Raw ESMC + VICReg,immrep_test,pre_expander,tcr,covariance_trace,2.2162742946016647,2.213557589308655,2.2189909998946744,20
raw_esmc_vicreg,Raw ESMC + VICReg,immrep_test,pre_expander,tcr,mean_var_per_dim,0.008657321463287753,0.008646709333236934,0.008667933593338572,20
raw_esmc_vicreg,Raw ESMC + VICReg,immrep_test,pre_expander,tcr,median_pairwise_cosine,0.4714041602191316,0.46595636029126086,0.47635648872107605,20
raw_esmc_vicreg,Raw ESMC + VICReg,test,final_latent,hla,mean_latent_norm,2.8017692867220445,2.6936664928395464,2.9112230575683875,381
raw_esmc_vicreg,Raw ESMC + VICReg,test,final_latent,hla,covariance_trace,0.026244569942902883,6.002333548538478e-06,0.07121951214913284,313
raw_esmc_vicreg,Raw ESMC + VICReg,test,final_latent,hla,mean_var_per_dim,0.00034083857068705034,7.794608207023135e-08,0.0009898401162458637,313
raw_esmc_vicreg,Raw ESMC + VICReg,test,final_latent,hla,median_pairwise_cosine,0.002253992663450413,-1.1471476945495906e-16,0.0062430030597030095,313
raw_esmc_vicreg,Raw ESMC + VICReg,test,final_latent,peptide,mean_latent_norm,3.396088663110292,3.2818994774939627,3.5150368398737704,381
raw_esmc_vicreg,Raw ESMC + VICReg,test,final_latent,peptide,covariance_trace,1.9329547887223482e-08,6.818334134770336e-18,4.991790647467286e-08,313
raw_esmc_vicreg,Raw ESMC + VICReg,test,final_latent,peptide,mean_var_per_dim,1.0798630104594123e-10,3.809125214955496e-20,2.7293416383729425e-10,313
raw_esmc_vicreg,Raw ESMC + VICReg,test,final_latent,peptide,median_pairwise_cosine,-2.7170314276769005e-17,-3.49737987949011e-17,-1.9012125916903642e-17,313
raw_esmc_vicreg,Raw ESMC + VICReg,test,final_latent,pmhc,mean_latent_norm,4.54552787998939,4.41961451735011,4.67186709183835,381
raw_esmc_vicreg,Raw ESMC + VICReg,test,final_latent,pmhc,covariance_trace,0.026244589272450766,6.021663096441525e-06,0.0698835583616079,313
raw_esmc_vicreg,Raw ESMC + VICReg,test,final_latent,pmhc,mean_var_per_dim,0.0001025179268455108,2.3518582043390185e-08,0.00027298334135695705,313
raw_esmc_vicreg,Raw ESMC + VICReg,test,final_latent,pmhc,median_pairwise_cosine,0.001216123715506321,-1.490110839121496e-17,0.003655756274074941,313
raw_esmc_vicreg,Raw ESMC + VICReg,test,final_latent,tcr,mean_latent_norm,5.737394698576524,5.65372477888104,5.822951225218951,381
raw_esmc_vicreg,Raw ESMC + VICReg,test,final_latent,tcr,covariance_trace,29.88531641851327,28.436790323173952,31.35596255237305,313
raw_esmc_vicreg,Raw ESMC + VICReg,test,final_latent,tcr,mean_var_per_dim,0.11673951725981746,0.11105458288696528,0.12250182152293021,313
raw_esmc_vicreg,Raw ESMC + VICReg,test,final_latent,tcr,median_pairwise_cosine,0.8926370111333616,0.8493757674349617,0.9335797898199593,313
raw_esmc_vicreg,Raw ESMC + VICReg,test,input,hla,mean_latent_norm,0.696007927624665,0.6944875557394721,0.6976335948387207,381
raw_esmc_vicreg,Raw ESMC + VICReg,test,input,hla,covariance_trace,4.609009013354013e-06,8.451786875948922e-10,1.0944611948027678e-05,313
raw_esmc_vicreg,Raw ESMC + VICReg,test,input,hla,mean_var_per_dim,4.8010510555770965e-09,3.172093466693109e-11,1.1238551551058049e-08,313
raw_esmc_vicreg,Raw ESMC + VICReg,test,input,hla,median_pairwise_cosine,7.605403177069492e-06,-1.9872282733106834e-17,2.0074231720879573e-05,313
raw_esmc_vicreg,Raw ESMC + VICReg,test,input,peptide,mean_latent_norm,1.3531189471995373,1.347926988631572,1.3579445468285076,381
raw_esmc_vicreg,Raw ESMC + VICReg,test,input,peptide,covariance_trace,9.495870826522728e-10,0.0,2.610979492363366e-09,313
raw_esmc_vicreg,Raw ESMC + VICReg,test,input,peptide,mean_var_per_dim,9.891532110961175e-13,0.0,2.719770304545173e-12,313
raw_esmc_vicreg,Raw ESMC + VICReg,test,input,peptide,median_pairwise_cosine,1.3833449827597797e-17,-3.547038417332768e-18,3.0859234230795086e-17,313
raw_esmc_vicreg,Raw ESMC + VICReg,test,input,pmhc,mean_latent_norm,1.5219024533625112,1.5174018630846464,1.526221246625642,381
raw_esmc_vicreg,Raw ESMC + VICReg,test,input,pmhc,covariance_trace,4.609958600436665e-06,3.084480633285847e-08,1.066467761737842e-05,313
raw_esmc_vicreg,Raw ESMC + VICReg,test,input,pmhc,mean_var_per_dim,2.401020104394096e-09,1.6065003298363785e-11,5.554945845805985e-09,313
raw_esmc_vicreg,Raw ESMC + VICReg,test,input,pmhc,median_pairwise_cosine,1.6852367442195874e-06,-1.4214756457461067e-17,4.019426925265236e-06,313
raw_esmc_vicreg,Raw ESMC + VICReg,test,input,tcr,mean_latent_norm,0.7346704299770745,0.7330576337463038,0.7363393290949006,381
raw_esmc_vicreg,Raw ESMC + VICReg,test,input,tcr,covariance_trace,0.01776073846800817,0.016917668465325136,0.018721391704266278,313
raw_esmc_vicreg,Raw ESMC + VICReg,test,input,tcr,mean_var_per_dim,1.8500769237508512e-05,1.756868768913461e-05,1.948156180262798e-05,313
raw_esmc_vicreg,Raw ESMC + VICReg,test,input,tcr,median_pairwise_cosine,0.03143592970166909,0.029953381507530408,0.033029377455610194,313
raw_esmc_vicreg,Raw ESMC + VICReg,test,pre_expander,hla,mean_latent_norm,2.328038560694412,2.269383919016952,2.393986630763971,381
raw_esmc_vicreg,Raw ESMC + VICReg,test,pre_expander,hla,covariance_trace,0.015222032129581778,2.7769056498991593e-05,0.03807873024544171,313
raw_esmc_vicreg,Raw ESMC + VICReg,test,pre_expander,hla,mean_var_per_dim,0.00019768872895560747,3.6081865385461745e-07,0.000503173694561098,313
raw_esmc_vicreg,Raw ESMC + VICReg,test,pre_expander,hla,median_pairwise_cosine,8.94579563105612e-05,-8.871143081749253e-18,0.00026561908057122106,313
raw_esmc_vicreg,Raw ESMC + VICReg,test,pre_expander,peptide,mean_latent_norm,0.8791653393487509,0.8624040360597625,0.8950846144140796,381
raw_esmc_vicreg,Raw ESMC + VICReg,test,pre_expander,peptide,covariance_trace,5.278891492148818e-09,5.911332089110919e-19,1.4026019905544346e-08,313
raw_esmc_vicreg,Raw ESMC + VICReg,test,pre_expander,peptide,mean_var_per_dim,2.94910139226191e-11,3.30242016151448e-21,7.837903191304423e-11,313
raw_esmc_vicreg,Raw ESMC + VICReg,test,pre_expander,peptide,median_pairwise_cosine,-2.958230040055529e-17,-3.746204624466003e-17,-2.1636934345729892e-17,313
raw_esmc_vicreg,Raw ESMC + VICReg,test,pre_expander,pmhc,mean_latent_norm,2.5027317152737667,2.445512424274154,2.563890081290184,381
raw_esmc_vicreg,Raw ESMC + VICReg,test,pre_expander,pmhc,covariance_trace,0.015222037408473268,2.7772706655375435e-05,0.03802277674281209,313
raw_esmc_vicreg,Raw ESMC + VICReg,test,pre_expander,pmhc,mean_var_per_dim,5.9461083626848704e-05,1.0858300624018787e-07,0.00015156177320567205,313
raw_esmc_vicreg,Raw ESMC + VICReg,test,pre_expander,pmhc,median_pairwise_cosine,0.0033256275291046375,-2.484700411341605e-18,0.008457916041343385,313
raw_esmc_vicreg,Raw ESMC + VICReg,test,pre_expander,tcr,mean_latent_norm,1.8583832683751207,1.8403874000617866,1.8767743906017795,381
raw_esmc_vicreg,Raw ESMC + VICReg,test,pre_expander,tcr,covariance_trace,3.01676454465654,2.9314002056792123,3.107856959150808,313
raw_esmc_vicreg,Raw ESMC + VICReg,test,pre_expander,tcr,mean_var_per_dim,0.01178423650256461,0.011459232888744422,0.012114274636882109,313
raw_esmc_vicreg,Raw ESMC + VICReg,test,pre_expander,tcr,median_pairwise_cosine,0.8630560544099376,0.8466513468147014,0.8804559033386433,313
raw_esmc_vicreg,Raw ESMC + VICReg,train,final_latent,hla,mean_latent_norm,2.9034225079641898,2.8263152348187197,2.9765117229201232,925
raw_esmc_vicreg,Raw ESMC + VICReg,train,final_latent,hla,covariance_trace,0.18037825345921984,0.07483822244587934,0.3114681421797189,568
raw_esmc_vicreg,Raw ESMC + VICReg,train,final_latent,hla,mean_var_per_dim,0.0023425747202496087,0.0009426721533600525,0.0039365300675548625,568
raw_esmc_vicreg,Raw ESMC + VICReg,train,final_latent,hla,median_pairwise_cosine,0.02101782400873691,0.007729905910460848,0.03700130912142682,568
raw_esmc_vicreg,Raw ESMC + VICReg,train,final_latent,peptide,mean_latent_norm,3.3336232879099734,3.266667255033178,3.4066978271533173,925
raw_esmc_vicreg,Raw ESMC + VICReg,train,final_latent,peptide,covariance_trace,1.520795674856054e-06,2.2219956318655563e-19,4.5623870238396915e-06,568
raw_esmc_vicreg,Raw ESMC + VICReg,train,final_latent,peptide,mean_var_per_dim,8.49606522265952e-09,1.5433572053801567e-21,2.5112082986354763e-08,568
raw_esmc_vicreg,Raw ESMC + VICReg,train,final_latent,peptide,median_pairwise_cosine,2.0029054182815947e-07,-2.34993949182323e-17,6.008716255022693e-07,568
raw_esmc_vicreg,Raw ESMC + VICReg,train,final_latent,pmhc,mean_latent_norm,4.555305472294232,4.474780101453443,4.6401117025470455,925
raw_esmc_vicreg,Raw ESMC + VICReg,train,final_latent,pmhc,covariance_trace,0.1803797742548947,0.07002031478361202,0.29983036722516104,568
raw_esmc_vicreg,Raw ESMC + VICReg,train,final_latent,pmhc,mean_var_per_dim,0.0007046084931831825,0.00029078793344124046,0.001199503271691754,568
raw_esmc_vicreg,Raw ESMC + VICReg,train,final_latent,pmhc,median_pairwise_cosine,0.009814046863104648,0.0032805212446687586,0.017906846562538176,568
raw_esmc_vicreg,Raw ESMC + VICReg,train,final_latent,tcr,mean_latent_norm,5.3508688283948,5.296344591335004,5.406862775127906,925
raw_esmc_vicreg,Raw ESMC + VICReg,train,final_latent,tcr,covariance_trace,20.354621699130412,19.47904229710332,21.16980219111819,568
raw_esmc_vicreg,Raw ESMC + VICReg,train,final_latent,tcr,mean_var_per_dim,0.07951024101222817,0.07628334469843419,0.08275405102894287,568
raw_esmc_vicreg,Raw ESMC + VICReg,train,final_latent,tcr,median_pairwise_cosine,0.7198684157307074,0.6888779552754726,0.7514365690515176,568
raw_esmc_vicreg,Raw ESMC + VICReg,train,input,hla,mean_latent_norm,0.6974637632580906,0.69640569647118,0.6985096628271243,925
raw_esmc_vicreg,Raw ESMC + VICReg,train,input,hla,covariance_trace,4.1319161588955055e-05,1.9113580776940217e-05,6.958513938349706e-05,568
raw_esmc_vicreg,Raw ESMC + VICReg,train,input,hla,mean_var_per_dim,4.304079332182819e-08,1.9391003917962364e-08,7.288992453460066e-08,568
raw_esmc_vicreg,Raw ESMC + VICReg,train,input,hla,median_pairwise_cosine,7.135548555434768e-05,2.7519471524029168e-05,0.00012546473264447622,568
raw_esmc_vicreg,Raw ESMC + VICReg,train,input,peptide,mean_latent_norm,1.345665085657416,1.3416353579436653,1.349627848950924,925
raw_esmc_vicreg,Raw ESMC + VICReg,train,input,peptide,covariance_trace,2.6383920872296126e-08,0.0,1.027003412048062e-07,568
raw_esmc_vicreg,Raw ESMC + VICReg,train,input,peptide,mean_var_per_dim,2.74832509086418e-11,0.0,8.171138233936856e-11,568
raw_esmc_vicreg,Raw ESMC + VICReg,train,input,peptide,median_pairwise_cosine,1.741543189078945e-08,-3.9092360022012556e-18,5.2246295671195586e-08,568
raw_esmc_vicreg,Raw ESMC + VICReg,train,input,pmhc,mean_latent_norm,1.516042871921429,1.5124274880655102,1.5195842962738084,925
raw_esmc_vicreg,Raw ESMC + VICReg,train,input,pmhc,covariance_trace,4.134554550982735e-05,1.9102902688080715e-05,6.920257929402786e-05,568
raw_esmc_vicreg,Raw ESMC + VICReg,train,input,pmhc,mean_var_per_dim,2.1534138286368416e-08,9.941556118695794e-09,3.589150835451447e-08,568
raw_esmc_vicreg,Raw ESMC + VICReg,train,input,pmhc,median_pairwise_cosine,1.8152579576712068e-05,7.5557542185798765e-06,3.143061840527608e-05,568
raw_esmc_vicreg,Raw ESMC + VICReg,train,input,tcr,mean_latent_norm,0.7308615888023601,0.7295178387485091,0.732202877413139,925
raw_esmc_vicreg,Raw ESMC + VICReg,train,input,tcr,covariance_trace,0.012582130506999894,0.011882624510437438,0.013282443816158373,568
raw_esmc_vicreg,Raw ESMC + VICReg,train,input,tcr,mean_var_per_dim,1.3106385944791557e-05,1.2361977106835488e-05,1.3838115100672458e-05,568
raw_esmc_vicreg,Raw ESMC + VICReg,train,input,tcr,median_pairwise_cosine,0.02236890813734694,0.021252712647215087,0.023637717511847567,568
raw_esmc_vicreg,Raw ESMC + VICReg,train,pre_expander,hla,mean_latent_norm,2.3876783782252935,2.345058330670386,2.4304539298881496,925
raw_esmc_vicreg,Raw ESMC + VICReg,train,pre_expander,hla,covariance_trace,0.1165807992704654,0.04664385730595382,0.19968678616974458,568
raw_esmc_vicreg,Raw ESMC + VICReg,train,pre_expander,hla,mean_var_per_dim,0.001514036354161888,0.000627996936069881,0.0026229453205060017,568
raw_esmc_vicreg,Raw ESMC + VICReg,train,pre_expander,hla,median_pairwise_cosine,0.01735907952545202,0.006694987773666992,0.03008379376700957,568
raw_esmc_vicreg,Raw ESMC + VICReg,train,pre_expander,peptide,mean_latent_norm,0.875131469956947,0.8650766502005289,0.8858776454580702,925
raw_esmc_vicreg,Raw ESMC + VICReg,train,pre_expander,peptide,covariance_trace,1.2583657641648143e-07,3.1866364194932564e-20,4.804667695970466e-07,568
raw_esmc_vicreg,Raw ESMC + VICReg,train,pre_expander,peptide,mean_var_per_dim,7.029976336116283e-10,1.7900678129655805e-22,2.0770382413183213e-09,568
raw_esmc_vicreg,Raw ESMC + VICReg,train,pre_expander,peptide,median_pairwise_cosine,3.0975691228525503e-07,-3.0452948457147776e-17,9.292707368826273e-07,568
raw_esmc_vicreg,Raw ESMC + VICReg,train,pre_expander,pmhc,mean_latent_norm,2.557602098442295,2.516166596019406,2.5992271774514983,925
raw_esmc_vicreg,Raw ESMC + VICReg,train,pre_expander,pmhc,covariance_trace,0.11658092510704178,0.04767170392217878,0.20301504603282383,568
raw_esmc_vicreg,Raw ESMC + VICReg,train,pre_expander,pmhc,mean_var_per_dim,0.00045539423869938195,0.00018490636320700826,0.0008036784604445718,568
raw_esmc_vicreg,Raw ESMC + VICReg,train,pre_expander,pmhc,median_pairwise_cosine,0.016763314078317094,0.006458418726168119,0.02934482087737259,568
raw_esmc_vicreg,Raw ESMC + VICReg,train,pre_expander,tcr,mean_latent_norm,1.9146298673133222,1.9002196908811935,1.9289639985594405,925
raw_esmc_vicreg,Raw ESMC + VICReg,train,pre_expander,tcr,covariance_trace,2.3004183056232916,2.254812761879161,2.3451900723504546,568
raw_esmc_vicreg,Raw ESMC + VICReg,train,pre_expander,tcr,mean_var_per_dim,0.008986009006340983,0.008806709262497162,0.009153315478382244,568
raw_esmc_vicreg,Raw ESMC + VICReg,train,pre_expander,tcr,median_pairwise_cosine,0.6433491778117745,0.6280993421812413,0.6584825957153141,568
